fromNode	toNode	weight
ACER1	ADAMTS19	0.911978017471126
ACER1	C4BPB	0.317141920452183
ACER1	CAPZA1P4	0.911978017471126
ACER1	CNDP1	0.831278433979315
ACER1	CSPG4BP	0.911978017471126
ACER1	CTSE	0.740521193328929
ACER1	DACT2	0.911978017471126
ACER1	DAP3P1	0.911978017471126
ACER1	DNAJA1P2	0.911978017471126
ACER1	ENSG00000217334	0.911978017471126
ACER1	ENSG00000219553	0.626725100824063
ACER1	ENSG00000225344	0.911978017471126
ACER1	ENSG00000225568	0.555464649404775
ACER1	ENSG00000235267	0.911978017471126
ACER1	ENSG00000244281	0.911978017471126
ACER1	ENSG00000250725	0.911978017471126
ACER1	ENSG00000255489	0.911978017471126
ACER1	ENSG00000258230	0.514318966417221
ACER1	ENSG00000269274	0.911978017471126
ACER1	ENSG00000269761	0.911978017471126
ACER1	ENSG00000270249	0.751515289745726
ACER1	ENSG00000274717	0.247615795328318
ACER1	ENSG00000277922	0.449166767559157
ACER1	ENSG00000279122	0.602243244943783
ACER1	ENSG00000279373	0.316930668626678
ACER1	ENSG00000279430	0.587785806903895
ACER1	ENSG00000279982	0.327059463516815
ACER1	ENSG00000288542	0.911978017471126
ACER1	GAPDHP21	0.714257794885319
ACER1	GAPDHP24	0.831278433979315
ACER1	GCNT1P3	0.569196326429874
ACER1	GJE1	0.911978017471126
ACER1	GPR65	0.911978017471126
ACER1	HMGN2P25	0.911978017471126
ACER1	HNRNPA1P66	0.911978017471126
ACER1	KCNMB3P1	0.312527377083334
ACER1	KRT8P25	0.911978017471126
ACER1	LYPD6B	0.911978017471126
ACER1	MESDP1	0.911978017471126
ACER1	MFAP1P1	0.600889643510213
ACER1	MRE11P1	0.391735610380682
ACER1	MTATP6P15	0.649497465893071
ACER1	NDUFA5P10	0.911978017471126
ACER1	NR1H4	0.911978017471126
ACER1	OOSP1	0.911978017471126
ACER1	OR51E2	0.911978017471126
ACER1	PDXDC2P	0.835151848414508
ACER1	PHB1P15	0.474746667871967
ACER1	PIMREGP4	0.911978017471126
ACER1	PPBP	0.911978017471126
ACER1	PRSS43P	0.911978017471126
ACER1	REN	0.696606185477924
ACER1	RN7SKP64	0.911978017471126
ACER1	RN7SL336P	0.631543592276888
ACER1	RN7SL717P	0.911978017471126
ACER1	RPL21P130	0.911978017471126
ACER1	RPL21P57	0.481762684431656
ACER1	RPL35AP26	0.911978017471126
ACER1	RPL7AP58	0.911978017471126
ACER1	RPL8P1	0.911978017471126
ACER1	RPS27AP1	0.550763374212334
ACER1	RPS3AP14	0.376555493333205
ACER1	SLC25A5P6	0.838092675610412
ACER1	SLC47A1P1	0.629522956750047
ACER1	SLC5A12	0.314606903169761
ACER1	ST13P11	0.911978017471126
ACER1	TBC1D26	0.458189626558592
ACER1	TBC1D3G	0.830760643003898
ACER1	TMEM176B	0.595579597480256
ACER1	TMEM215	0.911978017471126
ACER1	TOP3BP1	0.911978017471126
ACER1	TSGA13	0.783361009827149
ACER1	TUBB7P	0.911978017471126
ACER1	VDAC2P3	0.911978017471126
ACER1	VIT	0.911978017471126
ADAMTS19	C4BPB	0.317141920452183
ADAMTS19	CAPZA1P4	0.911978017471126
ADAMTS19	CNDP1	0.831278433979315
ADAMTS19	CSPG4BP	0.911978017471126
ADAMTS19	CTSE	0.740521193328929
ADAMTS19	DACT2	0.911978017471126
ADAMTS19	DAP3P1	0.911978017471126
ADAMTS19	DNAJA1P2	0.911978017471126
ADAMTS19	ENSG00000217334	0.911978017471126
ADAMTS19	ENSG00000219553	0.626725100824063
ADAMTS19	ENSG00000225344	0.911978017471126
ADAMTS19	ENSG00000225568	0.555464649404775
ADAMTS19	ENSG00000235267	0.911978017471126
ADAMTS19	ENSG00000244281	0.911978017471126
ADAMTS19	ENSG00000250725	0.911978017471126
ADAMTS19	ENSG00000255489	0.911978017471126
ADAMTS19	ENSG00000258230	0.514318966417221
ADAMTS19	ENSG00000269274	0.911978017471126
ADAMTS19	ENSG00000269761	0.911978017471126
ADAMTS19	ENSG00000270249	0.751515289745726
ADAMTS19	ENSG00000274717	0.247615795328318
ADAMTS19	ENSG00000277922	0.449166767559157
ADAMTS19	ENSG00000279122	0.602243244943783
ADAMTS19	ENSG00000279373	0.316930668626678
ADAMTS19	ENSG00000279430	0.587785806903895
ADAMTS19	ENSG00000279982	0.327059463516815
ADAMTS19	ENSG00000288542	0.911978017471126
ADAMTS19	GAPDHP21	0.714257794885319
ADAMTS19	GAPDHP24	0.831278433979315
ADAMTS19	GCNT1P3	0.569196326429874
ADAMTS19	GJE1	0.911978017471126
ADAMTS19	GPR65	0.911978017471126
ADAMTS19	HMGN2P25	0.911978017471126
ADAMTS19	HNRNPA1P66	0.911978017471126
ADAMTS19	KCNMB3P1	0.312527377083334
ADAMTS19	KRT8P25	0.911978017471126
ADAMTS19	LYPD6B	0.911978017471126
ADAMTS19	MESDP1	0.911978017471126
ADAMTS19	MFAP1P1	0.600889643510213
ADAMTS19	MRE11P1	0.391735610380682
ADAMTS19	MTATP6P15	0.649497465893071
ADAMTS19	NDUFA5P10	0.911978017471126
ADAMTS19	NR1H4	0.911978017471126
ADAMTS19	OOSP1	0.911978017471126
ADAMTS19	OR51E2	0.911978017471126
ADAMTS19	PDXDC2P	0.835151848414508
ADAMTS19	PHB1P15	0.474746667871967
ADAMTS19	PIMREGP4	0.911978017471126
ADAMTS19	PPBP	0.911978017471126
ADAMTS19	PRSS43P	0.911978017471126
ADAMTS19	REN	0.696606185477924
ADAMTS19	RN7SKP64	0.911978017471126
ADAMTS19	RN7SL336P	0.631543592276888
ADAMTS19	RN7SL717P	0.911978017471126
ADAMTS19	RPL21P130	0.911978017471126
ADAMTS19	RPL21P57	0.481762684431656
ADAMTS19	RPL35AP26	0.911978017471126
ADAMTS19	RPL7AP58	0.911978017471126
ADAMTS19	RPL8P1	0.911978017471126
ADAMTS19	RPS27AP1	0.550763374212334
ADAMTS19	RPS3AP14	0.376555493333205
ADAMTS19	SLC25A5P6	0.838092675610412
ADAMTS19	SLC47A1P1	0.629522956750047
ADAMTS19	SLC5A12	0.314606903169761
ADAMTS19	ST13P11	0.911978017471126
ADAMTS19	TBC1D26	0.458189626558592
ADAMTS19	TBC1D3G	0.830760643003898
ADAMTS19	TMEM176B	0.595579597480256
ADAMTS19	TMEM215	0.911978017471126
ADAMTS19	TOP3BP1	0.911978017471126
ADAMTS19	TSGA13	0.783361009827149
ADAMTS19	TUBB7P	0.911978017471126
ADAMTS19	VDAC2P3	0.911978017471126
ADAMTS19	VIT	0.911978017471126
C4BPB	CAPZA1P4	0.317141920452183
C4BPB	CSPG4BP	0.317141920452183
C4BPB	DACT2	0.317141920452183
C4BPB	DAP3P1	0.317141920452183
C4BPB	DNAJA1P2	0.317141920452183
C4BPB	ENSG00000217334	0.317141920452183
C4BPB	ENSG00000225344	0.317141920452183
C4BPB	ENSG00000235267	0.317141920452183
C4BPB	ENSG00000244281	0.317141920452183
C4BPB	ENSG00000250725	0.317141920452183
C4BPB	ENSG00000255489	0.317141920452183
C4BPB	ENSG00000269274	0.317141920452183
C4BPB	ENSG00000269761	0.317141920452183
C4BPB	ENSG00000288542	0.317141920452183
C4BPB	GJE1	0.317141920452183
C4BPB	GPR65	0.317141920452183
C4BPB	HMGN2P25	0.317141920452183
C4BPB	HNRNPA1P66	0.317141920452183
C4BPB	KRT8P25	0.317141920452183
C4BPB	LYPD6B	0.317141920452183
C4BPB	MESDP1	0.317141920452183
C4BPB	NDUFA5P10	0.317141920452183
C4BPB	NR1H4	0.317141920452183
C4BPB	OOSP1	0.317141920452183
C4BPB	OR51E2	0.317141920452183
C4BPB	PIMREGP4	0.317141920452183
C4BPB	PPBP	0.317141920452183
C4BPB	PRSS43P	0.317141920452183
C4BPB	RN7SKP64	0.317141920452183
C4BPB	RN7SL717P	0.317141920452183
C4BPB	RPL21P130	0.317141920452183
C4BPB	RPL35AP26	0.317141920452183
C4BPB	RPL7AP58	0.317141920452183
C4BPB	RPL8P1	0.317141920452183
C4BPB	ST13P11	0.317141920452183
C4BPB	TMEM215	0.317141920452183
C4BPB	TOP3BP1	0.317141920452183
C4BPB	TUBB7P	0.317141920452183
C4BPB	VDAC2P3	0.317141920452183
C4BPB	VIT	0.317141920452183
CAPZA1P4	CNDP1	0.831278433979315
CAPZA1P4	CSPG4BP	0.911978017471126
CAPZA1P4	CTSE	0.740521193328929
CAPZA1P4	DACT2	0.911978017471126
CAPZA1P4	DAP3P1	0.911978017471126
CAPZA1P4	DNAJA1P2	0.911978017471126
CAPZA1P4	ENSG00000217334	0.911978017471126
CAPZA1P4	ENSG00000219553	0.626725100824063
CAPZA1P4	ENSG00000225344	0.911978017471126
CAPZA1P4	ENSG00000225568	0.555464649404775
CAPZA1P4	ENSG00000235267	0.911978017471126
CAPZA1P4	ENSG00000244281	0.911978017471126
CAPZA1P4	ENSG00000250725	0.911978017471126
CAPZA1P4	ENSG00000255489	0.911978017471126
CAPZA1P4	ENSG00000258230	0.514318966417221
CAPZA1P4	ENSG00000269274	0.911978017471126
CAPZA1P4	ENSG00000269761	0.911978017471126
CAPZA1P4	ENSG00000270249	0.751515289745726
CAPZA1P4	ENSG00000274717	0.247615795328318
CAPZA1P4	ENSG00000277922	0.449166767559157
CAPZA1P4	ENSG00000279122	0.602243244943783
CAPZA1P4	ENSG00000279373	0.316930668626678
CAPZA1P4	ENSG00000279430	0.587785806903895
CAPZA1P4	ENSG00000279982	0.327059463516815
CAPZA1P4	ENSG00000288542	0.911978017471126
CAPZA1P4	GAPDHP21	0.714257794885319
CAPZA1P4	GAPDHP24	0.831278433979315
CAPZA1P4	GCNT1P3	0.569196326429874
CAPZA1P4	GJE1	0.911978017471126
CAPZA1P4	GPR65	0.911978017471126
CAPZA1P4	HMGN2P25	0.911978017471126
CAPZA1P4	HNRNPA1P66	0.911978017471126
CAPZA1P4	KCNMB3P1	0.312527377083334
CAPZA1P4	KRT8P25	0.911978017471126
CAPZA1P4	LYPD6B	0.911978017471126
CAPZA1P4	MESDP1	0.911978017471126
CAPZA1P4	MFAP1P1	0.600889643510213
CAPZA1P4	MRE11P1	0.391735610380682
CAPZA1P4	MTATP6P15	0.649497465893071
CAPZA1P4	NDUFA5P10	0.911978017471126
CAPZA1P4	NR1H4	0.911978017471126
CAPZA1P4	OOSP1	0.911978017471126
CAPZA1P4	OR51E2	0.911978017471126
CAPZA1P4	PDXDC2P	0.835151848414508
CAPZA1P4	PHB1P15	0.474746667871967
CAPZA1P4	PIMREGP4	0.911978017471126
CAPZA1P4	PPBP	0.911978017471126
CAPZA1P4	PRSS43P	0.911978017471126
CAPZA1P4	REN	0.696606185477924
CAPZA1P4	RN7SKP64	0.911978017471126
CAPZA1P4	RN7SL336P	0.631543592276888
CAPZA1P4	RN7SL717P	0.911978017471126
CAPZA1P4	RPL21P130	0.911978017471126
CAPZA1P4	RPL21P57	0.481762684431656
CAPZA1P4	RPL35AP26	0.911978017471126
CAPZA1P4	RPL7AP58	0.911978017471126
CAPZA1P4	RPL8P1	0.911978017471126
CAPZA1P4	RPS27AP1	0.550763374212334
CAPZA1P4	RPS3AP14	0.376555493333205
CAPZA1P4	SLC25A5P6	0.838092675610412
CAPZA1P4	SLC47A1P1	0.629522956750047
CAPZA1P4	SLC5A12	0.314606903169761
CAPZA1P4	ST13P11	0.911978017471126
CAPZA1P4	TBC1D26	0.458189626558592
CAPZA1P4	TBC1D3G	0.830760643003898
CAPZA1P4	TMEM176B	0.595579597480256
CAPZA1P4	TMEM215	0.911978017471126
CAPZA1P4	TOP3BP1	0.911978017471126
CAPZA1P4	TSGA13	0.783361009827149
CAPZA1P4	TUBB7P	0.911978017471126
CAPZA1P4	VDAC2P3	0.911978017471126
CAPZA1P4	VIT	0.911978017471126
CNDP1	CSPG4BP	0.831278433979315
CNDP1	CTSE	0.238676265675825
CNDP1	DACT2	0.831278433979315
CNDP1	DAP3P1	0.831278433979315
CNDP1	DNAJA1P2	0.831278433979315
CNDP1	ENSG00000217334	0.831278433979315
CNDP1	ENSG00000225344	0.831278433979315
CNDP1	ENSG00000235267	0.831278433979315
CNDP1	ENSG00000244281	0.831278433979315
CNDP1	ENSG00000250725	0.831278433979315
CNDP1	ENSG00000255489	0.831278433979315
CNDP1	ENSG00000269274	0.831278433979315
CNDP1	ENSG00000269761	0.831278433979315
CNDP1	ENSG00000270249	0.241434275672799
CNDP1	ENSG00000288542	0.831278433979315
CNDP1	GAPDHP21	0.22979665153095
CNDP1	GAPDHP24	0.320843302989847
CNDP1	GJE1	0.831278433979315
CNDP1	GPR65	0.831278433979315
CNDP1	HMGN2P25	0.831278433979315
CNDP1	HNRNPA1P66	0.831278433979315
CNDP1	KRT8P25	0.831278433979315
CNDP1	LYPD6B	0.831278433979315
CNDP1	MESDP1	0.831278433979315
CNDP1	NDUFA5P10	0.831278433979315
CNDP1	NR1H4	0.831278433979315
CNDP1	OOSP1	0.831278433979315
CNDP1	OR51E2	0.831278433979315
CNDP1	PDXDC2P	0.269299480604414
CNDP1	PIMREGP4	0.831278433979315
CNDP1	PPBP	0.831278433979315
CNDP1	PRSS43P	0.831278433979315
CNDP1	REN	0.223914003025939
CNDP1	RN7SKP64	0.831278433979315
CNDP1	RN7SL717P	0.831278433979315
CNDP1	RPL21P130	0.831278433979315
CNDP1	RPL35AP26	0.831278433979315
CNDP1	RPL7AP58	0.831278433979315
CNDP1	RPL8P1	0.831278433979315
CNDP1	SLC25A5P6	0.269932241382236
CNDP1	ST13P11	0.831278433979315
CNDP1	TBC1D3G	0.267513361232675
CNDP1	TMEM215	0.831278433979315
CNDP1	TOP3BP1	0.831278433979315
CNDP1	TSGA13	0.251688810111612
CNDP1	TUBB7P	0.831278433979315
CNDP1	VDAC2P3	0.831278433979315
CNDP1	VIT	0.831278433979315
CSPG4BP	CTSE	0.740521193328929
CSPG4BP	DACT2	0.911978017471126
CSPG4BP	DAP3P1	0.911978017471126
CSPG4BP	DNAJA1P2	0.911978017471126
CSPG4BP	ENSG00000217334	0.911978017471126
CSPG4BP	ENSG00000219553	0.626725100824063
CSPG4BP	ENSG00000225344	0.911978017471126
CSPG4BP	ENSG00000225568	0.555464649404775
CSPG4BP	ENSG00000235267	0.911978017471126
CSPG4BP	ENSG00000244281	0.911978017471126
CSPG4BP	ENSG00000250725	0.911978017471126
CSPG4BP	ENSG00000255489	0.911978017471126
CSPG4BP	ENSG00000258230	0.514318966417221
CSPG4BP	ENSG00000269274	0.911978017471126
CSPG4BP	ENSG00000269761	0.911978017471126
CSPG4BP	ENSG00000270249	0.751515289745726
CSPG4BP	ENSG00000274717	0.247615795328318
CSPG4BP	ENSG00000277922	0.449166767559157
CSPG4BP	ENSG00000279122	0.602243244943783
CSPG4BP	ENSG00000279373	0.316930668626678
CSPG4BP	ENSG00000279430	0.587785806903895
CSPG4BP	ENSG00000279982	0.327059463516815
CSPG4BP	ENSG00000288542	0.911978017471126
CSPG4BP	GAPDHP21	0.714257794885319
CSPG4BP	GAPDHP24	0.831278433979315
CSPG4BP	GCNT1P3	0.569196326429874
CSPG4BP	GJE1	0.911978017471126
CSPG4BP	GPR65	0.911978017471126
CSPG4BP	HMGN2P25	0.911978017471126
CSPG4BP	HNRNPA1P66	0.911978017471126
CSPG4BP	KCNMB3P1	0.312527377083334
CSPG4BP	KRT8P25	0.911978017471126
CSPG4BP	LYPD6B	0.911978017471126
CSPG4BP	MESDP1	0.911978017471126
CSPG4BP	MFAP1P1	0.600889643510213
CSPG4BP	MRE11P1	0.391735610380682
CSPG4BP	MTATP6P15	0.649497465893071
CSPG4BP	NDUFA5P10	0.911978017471126
CSPG4BP	NR1H4	0.911978017471126
CSPG4BP	OOSP1	0.911978017471126
CSPG4BP	OR51E2	0.911978017471126
CSPG4BP	PDXDC2P	0.835151848414508
CSPG4BP	PHB1P15	0.474746667871967
CSPG4BP	PIMREGP4	0.911978017471126
CSPG4BP	PPBP	0.911978017471126
CSPG4BP	PRSS43P	0.911978017471126
CSPG4BP	REN	0.696606185477924
CSPG4BP	RN7SKP64	0.911978017471126
CSPG4BP	RN7SL336P	0.631543592276888
CSPG4BP	RN7SL717P	0.911978017471126
CSPG4BP	RPL21P130	0.911978017471126
CSPG4BP	RPL21P57	0.481762684431656
CSPG4BP	RPL35AP26	0.911978017471126
CSPG4BP	RPL7AP58	0.911978017471126
CSPG4BP	RPL8P1	0.911978017471126
CSPG4BP	RPS27AP1	0.550763374212334
CSPG4BP	RPS3AP14	0.376555493333205
CSPG4BP	SLC25A5P6	0.838092675610412
CSPG4BP	SLC47A1P1	0.629522956750047
CSPG4BP	SLC5A12	0.314606903169761
CSPG4BP	ST13P11	0.911978017471126
CSPG4BP	TBC1D26	0.458189626558592
CSPG4BP	TBC1D3G	0.830760643003898
CSPG4BP	TMEM176B	0.595579597480256
CSPG4BP	TMEM215	0.911978017471126
CSPG4BP	TOP3BP1	0.911978017471126
CSPG4BP	TSGA13	0.783361009827149
CSPG4BP	TUBB7P	0.911978017471126
CSPG4BP	VDAC2P3	0.911978017471126
CSPG4BP	VIT	0.911978017471126
CTSE	DACT2	0.740521193328929
CTSE	DAP3P1	0.740521193328929
CTSE	DNAJA1P2	0.740521193328929
CTSE	ENSG00000217334	0.740521193328929
CTSE	ENSG00000225344	0.740521193328929
CTSE	ENSG00000235267	0.740521193328929
CTSE	ENSG00000244281	0.740521193328929
CTSE	ENSG00000250725	0.740521193328929
CTSE	ENSG00000255489	0.740521193328929
CTSE	ENSG00000269274	0.740521193328929
CTSE	ENSG00000269761	0.740521193328929
CTSE	ENSG00000288542	0.740521193328929
CTSE	GAPDHP24	0.238676265675825
CTSE	GJE1	0.740521193328929
CTSE	GPR65	0.740521193328929
CTSE	HMGN2P25	0.740521193328929
CTSE	HNRNPA1P66	0.740521193328929
CTSE	KRT8P25	0.740521193328929
CTSE	LYPD6B	0.740521193328929
CTSE	MESDP1	0.740521193328929
CTSE	NDUFA5P10	0.740521193328929
CTSE	NR1H4	0.740521193328929
CTSE	OOSP1	0.740521193328929
CTSE	OR51E2	0.740521193328929
CTSE	PIMREGP4	0.740521193328929
CTSE	PPBP	0.740521193328929
CTSE	PRSS43P	0.740521193328929
CTSE	RN7SKP64	0.740521193328929
CTSE	RN7SL717P	0.740521193328929
CTSE	RPL21P130	0.740521193328929
CTSE	RPL35AP26	0.740521193328929
CTSE	RPL7AP58	0.740521193328929
CTSE	RPL8P1	0.740521193328929
CTSE	SLC25A5P6	0.241317065913275
CTSE	ST13P11	0.740521193328929
CTSE	TBC1D3G	0.223537305643085
CTSE	TMEM215	0.740521193328929
CTSE	TOP3BP1	0.740521193328929
CTSE	TUBB7P	0.740521193328929
CTSE	VDAC2P3	0.740521193328929
CTSE	VIT	0.740521193328929
DACT2	DAP3P1	0.911978017471126
DACT2	DNAJA1P2	0.911978017471126
DACT2	ENSG00000217334	0.911978017471126
DACT2	ENSG00000219553	0.626725100824063
DACT2	ENSG00000225344	0.911978017471126
DACT2	ENSG00000225568	0.555464649404775
DACT2	ENSG00000235267	0.911978017471126
DACT2	ENSG00000244281	0.911978017471126
DACT2	ENSG00000250725	0.911978017471126
DACT2	ENSG00000255489	0.911978017471126
DACT2	ENSG00000258230	0.514318966417221
DACT2	ENSG00000269274	0.911978017471126
DACT2	ENSG00000269761	0.911978017471126
DACT2	ENSG00000270249	0.751515289745726
DACT2	ENSG00000274717	0.247615795328318
DACT2	ENSG00000277922	0.449166767559157
DACT2	ENSG00000279122	0.602243244943783
DACT2	ENSG00000279373	0.316930668626678
DACT2	ENSG00000279430	0.587785806903895
DACT2	ENSG00000279982	0.327059463516815
DACT2	ENSG00000288542	0.911978017471126
DACT2	GAPDHP21	0.714257794885319
DACT2	GAPDHP24	0.831278433979315
DACT2	GCNT1P3	0.569196326429874
DACT2	GJE1	0.911978017471126
DACT2	GPR65	0.911978017471126
DACT2	HMGN2P25	0.911978017471126
DACT2	HNRNPA1P66	0.911978017471126
DACT2	KCNMB3P1	0.312527377083334
DACT2	KRT8P25	0.911978017471126
DACT2	LYPD6B	0.911978017471126
DACT2	MESDP1	0.911978017471126
DACT2	MFAP1P1	0.600889643510213
DACT2	MRE11P1	0.391735610380682
DACT2	MTATP6P15	0.649497465893071
DACT2	NDUFA5P10	0.911978017471126
DACT2	NR1H4	0.911978017471126
DACT2	OOSP1	0.911978017471126
DACT2	OR51E2	0.911978017471126
DACT2	PDXDC2P	0.835151848414508
DACT2	PHB1P15	0.474746667871967
DACT2	PIMREGP4	0.911978017471126
DACT2	PPBP	0.911978017471126
DACT2	PRSS43P	0.911978017471126
DACT2	REN	0.696606185477924
DACT2	RN7SKP64	0.911978017471126
DACT2	RN7SL336P	0.631543592276888
DACT2	RN7SL717P	0.911978017471126
DACT2	RPL21P130	0.911978017471126
DACT2	RPL21P57	0.481762684431656
DACT2	RPL35AP26	0.911978017471126
DACT2	RPL7AP58	0.911978017471126
DACT2	RPL8P1	0.911978017471126
DACT2	RPS27AP1	0.550763374212334
DACT2	RPS3AP14	0.376555493333205
DACT2	SLC25A5P6	0.838092675610412
DACT2	SLC47A1P1	0.629522956750047
DACT2	SLC5A12	0.314606903169761
DACT2	ST13P11	0.911978017471126
DACT2	TBC1D26	0.458189626558592
DACT2	TBC1D3G	0.830760643003898
DACT2	TMEM176B	0.595579597480256
DACT2	TMEM215	0.911978017471126
DACT2	TOP3BP1	0.911978017471126
DACT2	TSGA13	0.783361009827149
DACT2	TUBB7P	0.911978017471126
DACT2	VDAC2P3	0.911978017471126
DACT2	VIT	0.911978017471126
DAP3P1	DNAJA1P2	0.911978017471126
DAP3P1	ENSG00000217334	0.911978017471126
DAP3P1	ENSG00000219553	0.626725100824063
DAP3P1	ENSG00000225344	0.911978017471126
DAP3P1	ENSG00000225568	0.555464649404775
DAP3P1	ENSG00000235267	0.911978017471126
DAP3P1	ENSG00000244281	0.911978017471126
DAP3P1	ENSG00000250725	0.911978017471126
DAP3P1	ENSG00000255489	0.911978017471126
DAP3P1	ENSG00000258230	0.514318966417221
DAP3P1	ENSG00000269274	0.911978017471126
DAP3P1	ENSG00000269761	0.911978017471126
DAP3P1	ENSG00000270249	0.751515289745726
DAP3P1	ENSG00000274717	0.247615795328318
DAP3P1	ENSG00000277922	0.449166767559157
DAP3P1	ENSG00000279122	0.602243244943783
DAP3P1	ENSG00000279373	0.316930668626678
DAP3P1	ENSG00000279430	0.587785806903895
DAP3P1	ENSG00000279982	0.327059463516815
DAP3P1	ENSG00000288542	0.911978017471126
DAP3P1	GAPDHP21	0.714257794885319
DAP3P1	GAPDHP24	0.831278433979315
DAP3P1	GCNT1P3	0.569196326429874
DAP3P1	GJE1	0.911978017471126
DAP3P1	GPR65	0.911978017471126
DAP3P1	HMGN2P25	0.911978017471126
DAP3P1	HNRNPA1P66	0.911978017471126
DAP3P1	KCNMB3P1	0.312527377083334
DAP3P1	KRT8P25	0.911978017471126
DAP3P1	LYPD6B	0.911978017471126
DAP3P1	MESDP1	0.911978017471126
DAP3P1	MFAP1P1	0.600889643510213
DAP3P1	MRE11P1	0.391735610380682
DAP3P1	MTATP6P15	0.649497465893071
DAP3P1	NDUFA5P10	0.911978017471126
DAP3P1	NR1H4	0.911978017471126
DAP3P1	OOSP1	0.911978017471126
DAP3P1	OR51E2	0.911978017471126
DAP3P1	PDXDC2P	0.835151848414508
DAP3P1	PHB1P15	0.474746667871967
DAP3P1	PIMREGP4	0.911978017471126
DAP3P1	PPBP	0.911978017471126
DAP3P1	PRSS43P	0.911978017471126
DAP3P1	REN	0.696606185477924
DAP3P1	RN7SKP64	0.911978017471126
DAP3P1	RN7SL336P	0.631543592276888
DAP3P1	RN7SL717P	0.911978017471126
DAP3P1	RPL21P130	0.911978017471126
DAP3P1	RPL21P57	0.481762684431656
DAP3P1	RPL35AP26	0.911978017471126
DAP3P1	RPL7AP58	0.911978017471126
DAP3P1	RPL8P1	0.911978017471126
DAP3P1	RPS27AP1	0.550763374212334
DAP3P1	RPS3AP14	0.376555493333205
DAP3P1	SLC25A5P6	0.838092675610412
DAP3P1	SLC47A1P1	0.629522956750047
DAP3P1	SLC5A12	0.314606903169761
DAP3P1	ST13P11	0.911978017471126
DAP3P1	TBC1D26	0.458189626558592
DAP3P1	TBC1D3G	0.830760643003898
DAP3P1	TMEM176B	0.595579597480256
DAP3P1	TMEM215	0.911978017471126
DAP3P1	TOP3BP1	0.911978017471126
DAP3P1	TSGA13	0.783361009827149
DAP3P1	TUBB7P	0.911978017471126
DAP3P1	VDAC2P3	0.911978017471126
DAP3P1	VIT	0.911978017471126
DNAJA1P2	ENSG00000217334	0.911978017471126
DNAJA1P2	ENSG00000219553	0.626725100824063
DNAJA1P2	ENSG00000225344	0.911978017471126
DNAJA1P2	ENSG00000225568	0.555464649404775
DNAJA1P2	ENSG00000235267	0.911978017471126
DNAJA1P2	ENSG00000244281	0.911978017471126
DNAJA1P2	ENSG00000250725	0.911978017471126
DNAJA1P2	ENSG00000255489	0.911978017471126
DNAJA1P2	ENSG00000258230	0.514318966417221
DNAJA1P2	ENSG00000269274	0.911978017471126
DNAJA1P2	ENSG00000269761	0.911978017471126
DNAJA1P2	ENSG00000270249	0.751515289745726
DNAJA1P2	ENSG00000274717	0.247615795328318
DNAJA1P2	ENSG00000277922	0.449166767559157
DNAJA1P2	ENSG00000279122	0.602243244943783
DNAJA1P2	ENSG00000279373	0.316930668626678
DNAJA1P2	ENSG00000279430	0.587785806903895
DNAJA1P2	ENSG00000279982	0.327059463516815
DNAJA1P2	ENSG00000288542	0.911978017471126
DNAJA1P2	GAPDHP21	0.714257794885319
DNAJA1P2	GAPDHP24	0.831278433979315
DNAJA1P2	GCNT1P3	0.569196326429874
DNAJA1P2	GJE1	0.911978017471126
DNAJA1P2	GPR65	0.911978017471126
DNAJA1P2	HMGN2P25	0.911978017471126
DNAJA1P2	HNRNPA1P66	0.911978017471126
DNAJA1P2	KCNMB3P1	0.312527377083334
DNAJA1P2	KRT8P25	0.911978017471126
DNAJA1P2	LYPD6B	0.911978017471126
DNAJA1P2	MESDP1	0.911978017471126
DNAJA1P2	MFAP1P1	0.600889643510213
DNAJA1P2	MRE11P1	0.391735610380682
DNAJA1P2	MTATP6P15	0.649497465893071
DNAJA1P2	NDUFA5P10	0.911978017471126
DNAJA1P2	NR1H4	0.911978017471126
DNAJA1P2	OOSP1	0.911978017471126
DNAJA1P2	OR51E2	0.911978017471126
DNAJA1P2	PDXDC2P	0.835151848414508
DNAJA1P2	PHB1P15	0.474746667871967
DNAJA1P2	PIMREGP4	0.911978017471126
DNAJA1P2	PPBP	0.911978017471126
DNAJA1P2	PRSS43P	0.911978017471126
DNAJA1P2	REN	0.696606185477924
DNAJA1P2	RN7SKP64	0.911978017471126
DNAJA1P2	RN7SL336P	0.631543592276888
DNAJA1P2	RN7SL717P	0.911978017471126
DNAJA1P2	RPL21P130	0.911978017471126
DNAJA1P2	RPL21P57	0.481762684431656
DNAJA1P2	RPL35AP26	0.911978017471126
DNAJA1P2	RPL7AP58	0.911978017471126
DNAJA1P2	RPL8P1	0.911978017471126
DNAJA1P2	RPS27AP1	0.550763374212334
DNAJA1P2	RPS3AP14	0.376555493333205
DNAJA1P2	SLC25A5P6	0.838092675610412
DNAJA1P2	SLC47A1P1	0.629522956750047
DNAJA1P2	SLC5A12	0.314606903169761
DNAJA1P2	ST13P11	0.911978017471126
DNAJA1P2	TBC1D26	0.458189626558592
DNAJA1P2	TBC1D3G	0.830760643003898
DNAJA1P2	TMEM176B	0.595579597480256
DNAJA1P2	TMEM215	0.911978017471126
DNAJA1P2	TOP3BP1	0.911978017471126
DNAJA1P2	TSGA13	0.783361009827149
DNAJA1P2	TUBB7P	0.911978017471126
DNAJA1P2	VDAC2P3	0.911978017471126
DNAJA1P2	VIT	0.911978017471126
ENSG00000217334	ENSG00000219553	0.626725100824063
ENSG00000217334	ENSG00000225344	0.911978017471126
ENSG00000217334	ENSG00000225568	0.555464649404775
ENSG00000217334	ENSG00000235267	0.911978017471126
ENSG00000217334	ENSG00000244281	0.911978017471126
ENSG00000217334	ENSG00000250725	0.911978017471126
ENSG00000217334	ENSG00000255489	0.911978017471126
ENSG00000217334	ENSG00000258230	0.514318966417221
ENSG00000217334	ENSG00000269274	0.911978017471126
ENSG00000217334	ENSG00000269761	0.911978017471126
ENSG00000217334	ENSG00000270249	0.751515289745726
ENSG00000217334	ENSG00000274717	0.247615795328318
ENSG00000217334	ENSG00000277922	0.449166767559157
ENSG00000217334	ENSG00000279122	0.602243244943783
ENSG00000217334	ENSG00000279373	0.316930668626678
ENSG00000217334	ENSG00000279430	0.587785806903895
ENSG00000217334	ENSG00000279982	0.327059463516815
ENSG00000217334	ENSG00000288542	0.911978017471126
ENSG00000217334	GAPDHP21	0.714257794885319
ENSG00000217334	GAPDHP24	0.831278433979315
ENSG00000217334	GCNT1P3	0.569196326429874
ENSG00000217334	GJE1	0.911978017471126
ENSG00000217334	GPR65	0.911978017471126
ENSG00000217334	HMGN2P25	0.911978017471126
ENSG00000217334	HNRNPA1P66	0.911978017471126
ENSG00000217334	KCNMB3P1	0.312527377083334
ENSG00000217334	KRT8P25	0.911978017471126
ENSG00000217334	LYPD6B	0.911978017471126
ENSG00000217334	MESDP1	0.911978017471126
ENSG00000217334	MFAP1P1	0.600889643510213
ENSG00000217334	MRE11P1	0.391735610380682
ENSG00000217334	MTATP6P15	0.649497465893071
ENSG00000217334	NDUFA5P10	0.911978017471126
ENSG00000217334	NR1H4	0.911978017471126
ENSG00000217334	OOSP1	0.911978017471126
ENSG00000217334	OR51E2	0.911978017471126
ENSG00000217334	PDXDC2P	0.835151848414508
ENSG00000217334	PHB1P15	0.474746667871967
ENSG00000217334	PIMREGP4	0.911978017471126
ENSG00000217334	PPBP	0.911978017471126
ENSG00000217334	PRSS43P	0.911978017471126
ENSG00000217334	REN	0.696606185477924
ENSG00000217334	RN7SKP64	0.911978017471126
ENSG00000217334	RN7SL336P	0.631543592276888
ENSG00000217334	RN7SL717P	0.911978017471126
ENSG00000217334	RPL21P130	0.911978017471126
ENSG00000217334	RPL21P57	0.481762684431656
ENSG00000217334	RPL35AP26	0.911978017471126
ENSG00000217334	RPL7AP58	0.911978017471126
ENSG00000217334	RPL8P1	0.911978017471126
ENSG00000217334	RPS27AP1	0.550763374212334
ENSG00000217334	RPS3AP14	0.376555493333205
ENSG00000217334	SLC25A5P6	0.838092675610412
ENSG00000217334	SLC47A1P1	0.629522956750047
ENSG00000217334	SLC5A12	0.314606903169761
ENSG00000217334	ST13P11	0.911978017471126
ENSG00000217334	TBC1D26	0.458189626558592
ENSG00000217334	TBC1D3G	0.830760643003898
ENSG00000217334	TMEM176B	0.595579597480256
ENSG00000217334	TMEM215	0.911978017471126
ENSG00000217334	TOP3BP1	0.911978017471126
ENSG00000217334	TSGA13	0.783361009827149
ENSG00000217334	TUBB7P	0.911978017471126
ENSG00000217334	VDAC2P3	0.911978017471126
ENSG00000217334	VIT	0.911978017471126
ENSG00000219553	ENSG00000225344	0.626725100824063
ENSG00000219553	ENSG00000235267	0.626725100824063
ENSG00000219553	ENSG00000244281	0.626725100824063
ENSG00000219553	ENSG00000250725	0.626725100824063
ENSG00000219553	ENSG00000255489	0.626725100824063
ENSG00000219553	ENSG00000269274	0.626725100824063
ENSG00000219553	ENSG00000269761	0.626725100824063
ENSG00000219553	ENSG00000288542	0.626725100824063
ENSG00000219553	GJE1	0.626725100824063
ENSG00000219553	GPR65	0.626725100824063
ENSG00000219553	HMGN2P25	0.626725100824063
ENSG00000219553	HNRNPA1P66	0.626725100824063
ENSG00000219553	KRT8P25	0.626725100824063
ENSG00000219553	LYPD6B	0.626725100824063
ENSG00000219553	MESDP1	0.626725100824063
ENSG00000219553	NDUFA5P10	0.626725100824063
ENSG00000219553	NR1H4	0.626725100824063
ENSG00000219553	OOSP1	0.626725100824063
ENSG00000219553	OR51E2	0.626725100824063
ENSG00000219553	PIMREGP4	0.626725100824063
ENSG00000219553	PPBP	0.626725100824063
ENSG00000219553	PRSS43P	0.626725100824063
ENSG00000219553	RN7SKP64	0.626725100824063
ENSG00000219553	RN7SL717P	0.626725100824063
ENSG00000219553	RPL21P130	0.626725100824063
ENSG00000219553	RPL35AP26	0.626725100824063
ENSG00000219553	RPL7AP58	0.626725100824063
ENSG00000219553	RPL8P1	0.626725100824063
ENSG00000219553	ST13P11	0.626725100824063
ENSG00000219553	TMEM215	0.626725100824063
ENSG00000219553	TOP3BP1	0.626725100824063
ENSG00000219553	TUBB7P	0.626725100824063
ENSG00000219553	VDAC2P3	0.626725100824063
ENSG00000219553	VIT	0.626725100824063
ENSG00000225344	ENSG00000225568	0.555464649404775
ENSG00000225344	ENSG00000235267	0.911978017471126
ENSG00000225344	ENSG00000244281	0.911978017471126
ENSG00000225344	ENSG00000250725	0.911978017471126
ENSG00000225344	ENSG00000255489	0.911978017471126
ENSG00000225344	ENSG00000258230	0.514318966417221
ENSG00000225344	ENSG00000269274	0.911978017471126
ENSG00000225344	ENSG00000269761	0.911978017471126
ENSG00000225344	ENSG00000270249	0.751515289745726
ENSG00000225344	ENSG00000274717	0.247615795328318
ENSG00000225344	ENSG00000277922	0.449166767559157
ENSG00000225344	ENSG00000279122	0.602243244943783
ENSG00000225344	ENSG00000279373	0.316930668626678
ENSG00000225344	ENSG00000279430	0.587785806903895
ENSG00000225344	ENSG00000279982	0.327059463516815
ENSG00000225344	ENSG00000288542	0.911978017471126
ENSG00000225344	GAPDHP21	0.714257794885319
ENSG00000225344	GAPDHP24	0.831278433979315
ENSG00000225344	GCNT1P3	0.569196326429874
ENSG00000225344	GJE1	0.911978017471126
ENSG00000225344	GPR65	0.911978017471126
ENSG00000225344	HMGN2P25	0.911978017471126
ENSG00000225344	HNRNPA1P66	0.911978017471126
ENSG00000225344	KCNMB3P1	0.312527377083334
ENSG00000225344	KRT8P25	0.911978017471126
ENSG00000225344	LYPD6B	0.911978017471126
ENSG00000225344	MESDP1	0.911978017471126
ENSG00000225344	MFAP1P1	0.600889643510213
ENSG00000225344	MRE11P1	0.391735610380682
ENSG00000225344	MTATP6P15	0.649497465893071
ENSG00000225344	NDUFA5P10	0.911978017471126
ENSG00000225344	NR1H4	0.911978017471126
ENSG00000225344	OOSP1	0.911978017471126
ENSG00000225344	OR51E2	0.911978017471126
ENSG00000225344	PDXDC2P	0.835151848414508
ENSG00000225344	PHB1P15	0.474746667871967
ENSG00000225344	PIMREGP4	0.911978017471126
ENSG00000225344	PPBP	0.911978017471126
ENSG00000225344	PRSS43P	0.911978017471126
ENSG00000225344	REN	0.696606185477924
ENSG00000225344	RN7SKP64	0.911978017471126
ENSG00000225344	RN7SL336P	0.631543592276888
ENSG00000225344	RN7SL717P	0.911978017471126
ENSG00000225344	RPL21P130	0.911978017471126
ENSG00000225344	RPL21P57	0.481762684431656
ENSG00000225344	RPL35AP26	0.911978017471126
ENSG00000225344	RPL7AP58	0.911978017471126
ENSG00000225344	RPL8P1	0.911978017471126
ENSG00000225344	RPS27AP1	0.550763374212334
ENSG00000225344	RPS3AP14	0.376555493333205
ENSG00000225344	SLC25A5P6	0.838092675610412
ENSG00000225344	SLC47A1P1	0.629522956750047
ENSG00000225344	SLC5A12	0.314606903169761
ENSG00000225344	ST13P11	0.911978017471126
ENSG00000225344	TBC1D26	0.458189626558592
ENSG00000225344	TBC1D3G	0.830760643003898
ENSG00000225344	TMEM176B	0.595579597480256
ENSG00000225344	TMEM215	0.911978017471126
ENSG00000225344	TOP3BP1	0.911978017471126
ENSG00000225344	TSGA13	0.783361009827149
ENSG00000225344	TUBB7P	0.911978017471126
ENSG00000225344	VDAC2P3	0.911978017471126
ENSG00000225344	VIT	0.911978017471126
ENSG00000225568	ENSG00000235267	0.555464649404775
ENSG00000225568	ENSG00000244281	0.555464649404775
ENSG00000225568	ENSG00000250725	0.555464649404775
ENSG00000225568	ENSG00000255489	0.555464649404775
ENSG00000225568	ENSG00000269274	0.555464649404775
ENSG00000225568	ENSG00000269761	0.555464649404775
ENSG00000225568	ENSG00000288542	0.555464649404775
ENSG00000225568	GJE1	0.555464649404775
ENSG00000225568	GPR65	0.555464649404775
ENSG00000225568	HMGN2P25	0.555464649404775
ENSG00000225568	HNRNPA1P66	0.555464649404775
ENSG00000225568	KRT8P25	0.555464649404775
ENSG00000225568	LYPD6B	0.555464649404775
ENSG00000225568	MESDP1	0.555464649404775
ENSG00000225568	NDUFA5P10	0.555464649404775
ENSG00000225568	NR1H4	0.555464649404775
ENSG00000225568	OOSP1	0.555464649404775
ENSG00000225568	OR51E2	0.555464649404775
ENSG00000225568	PIMREGP4	0.555464649404775
ENSG00000225568	PPBP	0.555464649404775
ENSG00000225568	PRSS43P	0.555464649404775
ENSG00000225568	RN7SKP64	0.555464649404775
ENSG00000225568	RN7SL717P	0.555464649404775
ENSG00000225568	RPL21P130	0.555464649404775
ENSG00000225568	RPL35AP26	0.555464649404775
ENSG00000225568	RPL7AP58	0.555464649404775
ENSG00000225568	RPL8P1	0.555464649404775
ENSG00000225568	ST13P11	0.555464649404775
ENSG00000225568	TMEM215	0.555464649404775
ENSG00000225568	TOP3BP1	0.555464649404775
ENSG00000225568	TUBB7P	0.555464649404775
ENSG00000225568	VDAC2P3	0.555464649404775
ENSG00000225568	VIT	0.555464649404775
ENSG00000235267	ENSG00000244281	0.911978017471126
ENSG00000235267	ENSG00000250725	0.911978017471126
ENSG00000235267	ENSG00000255489	0.911978017471126
ENSG00000235267	ENSG00000258230	0.514318966417221
ENSG00000235267	ENSG00000269274	0.911978017471126
ENSG00000235267	ENSG00000269761	0.911978017471126
ENSG00000235267	ENSG00000270249	0.751515289745726
ENSG00000235267	ENSG00000274717	0.247615795328318
ENSG00000235267	ENSG00000277922	0.449166767559157
ENSG00000235267	ENSG00000279122	0.602243244943783
ENSG00000235267	ENSG00000279373	0.316930668626678
ENSG00000235267	ENSG00000279430	0.587785806903895
ENSG00000235267	ENSG00000279982	0.327059463516815
ENSG00000235267	ENSG00000288542	0.911978017471126
ENSG00000235267	GAPDHP21	0.714257794885319
ENSG00000235267	GAPDHP24	0.831278433979315
ENSG00000235267	GCNT1P3	0.569196326429874
ENSG00000235267	GJE1	0.911978017471126
ENSG00000235267	GPR65	0.911978017471126
ENSG00000235267	HMGN2P25	0.911978017471126
ENSG00000235267	HNRNPA1P66	0.911978017471126
ENSG00000235267	KCNMB3P1	0.312527377083334
ENSG00000235267	KRT8P25	0.911978017471126
ENSG00000235267	LYPD6B	0.911978017471126
ENSG00000235267	MESDP1	0.911978017471126
ENSG00000235267	MFAP1P1	0.600889643510213
ENSG00000235267	MRE11P1	0.391735610380682
ENSG00000235267	MTATP6P15	0.649497465893071
ENSG00000235267	NDUFA5P10	0.911978017471126
ENSG00000235267	NR1H4	0.911978017471126
ENSG00000235267	OOSP1	0.911978017471126
ENSG00000235267	OR51E2	0.911978017471126
ENSG00000235267	PDXDC2P	0.835151848414508
ENSG00000235267	PHB1P15	0.474746667871967
ENSG00000235267	PIMREGP4	0.911978017471126
ENSG00000235267	PPBP	0.911978017471126
ENSG00000235267	PRSS43P	0.911978017471126
ENSG00000235267	REN	0.696606185477924
ENSG00000235267	RN7SKP64	0.911978017471126
ENSG00000235267	RN7SL336P	0.631543592276888
ENSG00000235267	RN7SL717P	0.911978017471126
ENSG00000235267	RPL21P130	0.911978017471126
ENSG00000235267	RPL21P57	0.481762684431656
ENSG00000235267	RPL35AP26	0.911978017471126
ENSG00000235267	RPL7AP58	0.911978017471126
ENSG00000235267	RPL8P1	0.911978017471126
ENSG00000235267	RPS27AP1	0.550763374212334
ENSG00000235267	RPS3AP14	0.376555493333205
ENSG00000235267	SLC25A5P6	0.838092675610412
ENSG00000235267	SLC47A1P1	0.629522956750047
ENSG00000235267	SLC5A12	0.314606903169761
ENSG00000235267	ST13P11	0.911978017471126
ENSG00000235267	TBC1D26	0.458189626558592
ENSG00000235267	TBC1D3G	0.830760643003898
ENSG00000235267	TMEM176B	0.595579597480256
ENSG00000235267	TMEM215	0.911978017471126
ENSG00000235267	TOP3BP1	0.911978017471126
ENSG00000235267	TSGA13	0.783361009827149
ENSG00000235267	TUBB7P	0.911978017471126
ENSG00000235267	VDAC2P3	0.911978017471126
ENSG00000235267	VIT	0.911978017471126
ENSG00000244281	ENSG00000250725	0.911978017471126
ENSG00000244281	ENSG00000255489	0.911978017471126
ENSG00000244281	ENSG00000258230	0.514318966417221
ENSG00000244281	ENSG00000269274	0.911978017471126
ENSG00000244281	ENSG00000269761	0.911978017471126
ENSG00000244281	ENSG00000270249	0.751515289745726
ENSG00000244281	ENSG00000274717	0.247615795328318
ENSG00000244281	ENSG00000277922	0.449166767559157
ENSG00000244281	ENSG00000279122	0.602243244943783
ENSG00000244281	ENSG00000279373	0.316930668626678
ENSG00000244281	ENSG00000279430	0.587785806903895
ENSG00000244281	ENSG00000279982	0.327059463516815
ENSG00000244281	ENSG00000288542	0.911978017471126
ENSG00000244281	GAPDHP21	0.714257794885319
ENSG00000244281	GAPDHP24	0.831278433979315
ENSG00000244281	GCNT1P3	0.569196326429874
ENSG00000244281	GJE1	0.911978017471126
ENSG00000244281	GPR65	0.911978017471126
ENSG00000244281	HMGN2P25	0.911978017471126
ENSG00000244281	HNRNPA1P66	0.911978017471126
ENSG00000244281	KCNMB3P1	0.312527377083334
ENSG00000244281	KRT8P25	0.911978017471126
ENSG00000244281	LYPD6B	0.911978017471126
ENSG00000244281	MESDP1	0.911978017471126
ENSG00000244281	MFAP1P1	0.600889643510213
ENSG00000244281	MRE11P1	0.391735610380682
ENSG00000244281	MTATP6P15	0.649497465893071
ENSG00000244281	NDUFA5P10	0.911978017471126
ENSG00000244281	NR1H4	0.911978017471126
ENSG00000244281	OOSP1	0.911978017471126
ENSG00000244281	OR51E2	0.911978017471126
ENSG00000244281	PDXDC2P	0.835151848414508
ENSG00000244281	PHB1P15	0.474746667871967
ENSG00000244281	PIMREGP4	0.911978017471126
ENSG00000244281	PPBP	0.911978017471126
ENSG00000244281	PRSS43P	0.911978017471126
ENSG00000244281	REN	0.696606185477924
ENSG00000244281	RN7SKP64	0.911978017471126
ENSG00000244281	RN7SL336P	0.631543592276888
ENSG00000244281	RN7SL717P	0.911978017471126
ENSG00000244281	RPL21P130	0.911978017471126
ENSG00000244281	RPL21P57	0.481762684431656
ENSG00000244281	RPL35AP26	0.911978017471126
ENSG00000244281	RPL7AP58	0.911978017471126
ENSG00000244281	RPL8P1	0.911978017471126
ENSG00000244281	RPS27AP1	0.550763374212334
ENSG00000244281	RPS3AP14	0.376555493333205
ENSG00000244281	SLC25A5P6	0.838092675610412
ENSG00000244281	SLC47A1P1	0.629522956750047
ENSG00000244281	SLC5A12	0.314606903169761
ENSG00000244281	ST13P11	0.911978017471126
ENSG00000244281	TBC1D26	0.458189626558592
ENSG00000244281	TBC1D3G	0.830760643003898
ENSG00000244281	TMEM176B	0.595579597480256
ENSG00000244281	TMEM215	0.911978017471126
ENSG00000244281	TOP3BP1	0.911978017471126
ENSG00000244281	TSGA13	0.783361009827149
ENSG00000244281	TUBB7P	0.911978017471126
ENSG00000244281	VDAC2P3	0.911978017471126
ENSG00000244281	VIT	0.911978017471126
ENSG00000250725	ENSG00000255489	0.911978017471126
ENSG00000250725	ENSG00000258230	0.514318966417221
ENSG00000250725	ENSG00000269274	0.911978017471126
ENSG00000250725	ENSG00000269761	0.911978017471126
ENSG00000250725	ENSG00000270249	0.751515289745726
ENSG00000250725	ENSG00000274717	0.247615795328318
ENSG00000250725	ENSG00000277922	0.449166767559157
ENSG00000250725	ENSG00000279122	0.602243244943783
ENSG00000250725	ENSG00000279373	0.316930668626678
ENSG00000250725	ENSG00000279430	0.587785806903895
ENSG00000250725	ENSG00000279982	0.327059463516815
ENSG00000250725	ENSG00000288542	0.911978017471126
ENSG00000250725	GAPDHP21	0.714257794885319
ENSG00000250725	GAPDHP24	0.831278433979315
ENSG00000250725	GCNT1P3	0.569196326429874
ENSG00000250725	GJE1	0.911978017471126
ENSG00000250725	GPR65	0.911978017471126
ENSG00000250725	HMGN2P25	0.911978017471126
ENSG00000250725	HNRNPA1P66	0.911978017471126
ENSG00000250725	KCNMB3P1	0.312527377083334
ENSG00000250725	KRT8P25	0.911978017471126
ENSG00000250725	LYPD6B	0.911978017471126
ENSG00000250725	MESDP1	0.911978017471126
ENSG00000250725	MFAP1P1	0.600889643510213
ENSG00000250725	MRE11P1	0.391735610380682
ENSG00000250725	MTATP6P15	0.649497465893071
ENSG00000250725	NDUFA5P10	0.911978017471126
ENSG00000250725	NR1H4	0.911978017471126
ENSG00000250725	OOSP1	0.911978017471126
ENSG00000250725	OR51E2	0.911978017471126
ENSG00000250725	PDXDC2P	0.835151848414508
ENSG00000250725	PHB1P15	0.474746667871967
ENSG00000250725	PIMREGP4	0.911978017471126
ENSG00000250725	PPBP	0.911978017471126
ENSG00000250725	PRSS43P	0.911978017471126
ENSG00000250725	REN	0.696606185477924
ENSG00000250725	RN7SKP64	0.911978017471126
ENSG00000250725	RN7SL336P	0.631543592276888
ENSG00000250725	RN7SL717P	0.911978017471126
ENSG00000250725	RPL21P130	0.911978017471126
ENSG00000250725	RPL21P57	0.481762684431656
ENSG00000250725	RPL35AP26	0.911978017471126
ENSG00000250725	RPL7AP58	0.911978017471126
ENSG00000250725	RPL8P1	0.911978017471126
ENSG00000250725	RPS27AP1	0.550763374212334
ENSG00000250725	RPS3AP14	0.376555493333205
ENSG00000250725	SLC25A5P6	0.838092675610412
ENSG00000250725	SLC47A1P1	0.629522956750047
ENSG00000250725	SLC5A12	0.314606903169761
ENSG00000250725	ST13P11	0.911978017471126
ENSG00000250725	TBC1D26	0.458189626558592
ENSG00000250725	TBC1D3G	0.830760643003898
ENSG00000250725	TMEM176B	0.595579597480256
ENSG00000250725	TMEM215	0.911978017471126
ENSG00000250725	TOP3BP1	0.911978017471126
ENSG00000250725	TSGA13	0.783361009827149
ENSG00000250725	TUBB7P	0.911978017471126
ENSG00000250725	VDAC2P3	0.911978017471126
ENSG00000250725	VIT	0.911978017471126
ENSG00000255489	ENSG00000258230	0.514318966417221
ENSG00000255489	ENSG00000269274	0.911978017471126
ENSG00000255489	ENSG00000269761	0.911978017471126
ENSG00000255489	ENSG00000270249	0.751515289745726
ENSG00000255489	ENSG00000274717	0.247615795328318
ENSG00000255489	ENSG00000277922	0.449166767559157
ENSG00000255489	ENSG00000279122	0.602243244943783
ENSG00000255489	ENSG00000279373	0.316930668626678
ENSG00000255489	ENSG00000279430	0.587785806903895
ENSG00000255489	ENSG00000279982	0.327059463516815
ENSG00000255489	ENSG00000288542	0.911978017471126
ENSG00000255489	GAPDHP21	0.714257794885319
ENSG00000255489	GAPDHP24	0.831278433979315
ENSG00000255489	GCNT1P3	0.569196326429874
ENSG00000255489	GJE1	0.911978017471126
ENSG00000255489	GPR65	0.911978017471126
ENSG00000255489	HMGN2P25	0.911978017471126
ENSG00000255489	HNRNPA1P66	0.911978017471126
ENSG00000255489	KCNMB3P1	0.312527377083334
ENSG00000255489	KRT8P25	0.911978017471126
ENSG00000255489	LYPD6B	0.911978017471126
ENSG00000255489	MESDP1	0.911978017471126
ENSG00000255489	MFAP1P1	0.600889643510213
ENSG00000255489	MRE11P1	0.391735610380682
ENSG00000255489	MTATP6P15	0.649497465893071
ENSG00000255489	NDUFA5P10	0.911978017471126
ENSG00000255489	NR1H4	0.911978017471126
ENSG00000255489	OOSP1	0.911978017471126
ENSG00000255489	OR51E2	0.911978017471126
ENSG00000255489	PDXDC2P	0.835151848414508
ENSG00000255489	PHB1P15	0.474746667871967
ENSG00000255489	PIMREGP4	0.911978017471126
ENSG00000255489	PPBP	0.911978017471126
ENSG00000255489	PRSS43P	0.911978017471126
ENSG00000255489	REN	0.696606185477924
ENSG00000255489	RN7SKP64	0.911978017471126
ENSG00000255489	RN7SL336P	0.631543592276888
ENSG00000255489	RN7SL717P	0.911978017471126
ENSG00000255489	RPL21P130	0.911978017471126
ENSG00000255489	RPL21P57	0.481762684431656
ENSG00000255489	RPL35AP26	0.911978017471126
ENSG00000255489	RPL7AP58	0.911978017471126
ENSG00000255489	RPL8P1	0.911978017471126
ENSG00000255489	RPS27AP1	0.550763374212334
ENSG00000255489	RPS3AP14	0.376555493333205
ENSG00000255489	SLC25A5P6	0.838092675610412
ENSG00000255489	SLC47A1P1	0.629522956750047
ENSG00000255489	SLC5A12	0.314606903169761
ENSG00000255489	ST13P11	0.911978017471126
ENSG00000255489	TBC1D26	0.458189626558592
ENSG00000255489	TBC1D3G	0.830760643003898
ENSG00000255489	TMEM176B	0.595579597480256
ENSG00000255489	TMEM215	0.911978017471126
ENSG00000255489	TOP3BP1	0.911978017471126
ENSG00000255489	TSGA13	0.783361009827149
ENSG00000255489	TUBB7P	0.911978017471126
ENSG00000255489	VDAC2P3	0.911978017471126
ENSG00000255489	VIT	0.911978017471126
ENSG00000258230	ENSG00000269274	0.514318966417221
ENSG00000258230	ENSG00000269761	0.514318966417221
ENSG00000258230	ENSG00000288542	0.514318966417221
ENSG00000258230	GJE1	0.514318966417221
ENSG00000258230	GPR65	0.514318966417221
ENSG00000258230	HMGN2P25	0.514318966417221
ENSG00000258230	HNRNPA1P66	0.514318966417221
ENSG00000258230	KRT8P25	0.514318966417221
ENSG00000258230	LYPD6B	0.514318966417221
ENSG00000258230	MESDP1	0.514318966417221
ENSG00000258230	NDUFA5P10	0.514318966417221
ENSG00000258230	NR1H4	0.514318966417221
ENSG00000258230	OOSP1	0.514318966417221
ENSG00000258230	OR51E2	0.514318966417221
ENSG00000258230	PIMREGP4	0.514318966417221
ENSG00000258230	PPBP	0.514318966417221
ENSG00000258230	PRSS43P	0.514318966417221
ENSG00000258230	RN7SKP64	0.514318966417221
ENSG00000258230	RN7SL717P	0.514318966417221
ENSG00000258230	RPL21P130	0.514318966417221
ENSG00000258230	RPL35AP26	0.514318966417221
ENSG00000258230	RPL7AP58	0.514318966417221
ENSG00000258230	RPL8P1	0.514318966417221
ENSG00000258230	ST13P11	0.514318966417221
ENSG00000258230	TMEM215	0.514318966417221
ENSG00000258230	TOP3BP1	0.514318966417221
ENSG00000258230	TUBB7P	0.514318966417221
ENSG00000258230	VDAC2P3	0.514318966417221
ENSG00000258230	VIT	0.514318966417221
ENSG00000269274	ENSG00000269761	0.911978017471126
ENSG00000269274	ENSG00000270249	0.751515289745726
ENSG00000269274	ENSG00000274717	0.247615795328318
ENSG00000269274	ENSG00000277922	0.449166767559157
ENSG00000269274	ENSG00000279122	0.602243244943783
ENSG00000269274	ENSG00000279373	0.316930668626678
ENSG00000269274	ENSG00000279430	0.587785806903895
ENSG00000269274	ENSG00000279982	0.327059463516815
ENSG00000269274	ENSG00000288542	0.911978017471126
ENSG00000269274	GAPDHP21	0.714257794885319
ENSG00000269274	GAPDHP24	0.831278433979315
ENSG00000269274	GCNT1P3	0.569196326429874
ENSG00000269274	GJE1	0.911978017471126
ENSG00000269274	GPR65	0.911978017471126
ENSG00000269274	HMGN2P25	0.911978017471126
ENSG00000269274	HNRNPA1P66	0.911978017471126
ENSG00000269274	KCNMB3P1	0.312527377083334
ENSG00000269274	KRT8P25	0.911978017471126
ENSG00000269274	LYPD6B	0.911978017471126
ENSG00000269274	MESDP1	0.911978017471126
ENSG00000269274	MFAP1P1	0.600889643510213
ENSG00000269274	MRE11P1	0.391735610380682
ENSG00000269274	MTATP6P15	0.649497465893071
ENSG00000269274	NDUFA5P10	0.911978017471126
ENSG00000269274	NR1H4	0.911978017471126
ENSG00000269274	OOSP1	0.911978017471126
ENSG00000269274	OR51E2	0.911978017471126
ENSG00000269274	PDXDC2P	0.835151848414508
ENSG00000269274	PHB1P15	0.474746667871967
ENSG00000269274	PIMREGP4	0.911978017471126
ENSG00000269274	PPBP	0.911978017471126
ENSG00000269274	PRSS43P	0.911978017471126
ENSG00000269274	REN	0.696606185477924
ENSG00000269274	RN7SKP64	0.911978017471126
ENSG00000269274	RN7SL336P	0.631543592276888
ENSG00000269274	RN7SL717P	0.911978017471126
ENSG00000269274	RPL21P130	0.911978017471126
ENSG00000269274	RPL21P57	0.481762684431656
ENSG00000269274	RPL35AP26	0.911978017471126
ENSG00000269274	RPL7AP58	0.911978017471126
ENSG00000269274	RPL8P1	0.911978017471126
ENSG00000269274	RPS27AP1	0.550763374212334
ENSG00000269274	RPS3AP14	0.376555493333205
ENSG00000269274	SLC25A5P6	0.838092675610412
ENSG00000269274	SLC47A1P1	0.629522956750047
ENSG00000269274	SLC5A12	0.314606903169761
ENSG00000269274	ST13P11	0.911978017471126
ENSG00000269274	TBC1D26	0.458189626558592
ENSG00000269274	TBC1D3G	0.830760643003898
ENSG00000269274	TMEM176B	0.595579597480256
ENSG00000269274	TMEM215	0.911978017471126
ENSG00000269274	TOP3BP1	0.911978017471126
ENSG00000269274	TSGA13	0.783361009827149
ENSG00000269274	TUBB7P	0.911978017471126
ENSG00000269274	VDAC2P3	0.911978017471126
ENSG00000269274	VIT	0.911978017471126
ENSG00000269761	ENSG00000270249	0.751515289745726
ENSG00000269761	ENSG00000274717	0.247615795328318
ENSG00000269761	ENSG00000277922	0.449166767559157
ENSG00000269761	ENSG00000279122	0.602243244943783
ENSG00000269761	ENSG00000279373	0.316930668626678
ENSG00000269761	ENSG00000279430	0.587785806903895
ENSG00000269761	ENSG00000279982	0.327059463516815
ENSG00000269761	ENSG00000288542	0.911978017471126
ENSG00000269761	GAPDHP21	0.714257794885319
ENSG00000269761	GAPDHP24	0.831278433979315
ENSG00000269761	GCNT1P3	0.569196326429874
ENSG00000269761	GJE1	0.911978017471126
ENSG00000269761	GPR65	0.911978017471126
ENSG00000269761	HMGN2P25	0.911978017471126
ENSG00000269761	HNRNPA1P66	0.911978017471126
ENSG00000269761	KCNMB3P1	0.312527377083334
ENSG00000269761	KRT8P25	0.911978017471126
ENSG00000269761	LYPD6B	0.911978017471126
ENSG00000269761	MESDP1	0.911978017471126
ENSG00000269761	MFAP1P1	0.600889643510213
ENSG00000269761	MRE11P1	0.391735610380682
ENSG00000269761	MTATP6P15	0.649497465893071
ENSG00000269761	NDUFA5P10	0.911978017471126
ENSG00000269761	NR1H4	0.911978017471126
ENSG00000269761	OOSP1	0.911978017471126
ENSG00000269761	OR51E2	0.911978017471126
ENSG00000269761	PDXDC2P	0.835151848414508
ENSG00000269761	PHB1P15	0.474746667871967
ENSG00000269761	PIMREGP4	0.911978017471126
ENSG00000269761	PPBP	0.911978017471126
ENSG00000269761	PRSS43P	0.911978017471126
ENSG00000269761	REN	0.696606185477924
ENSG00000269761	RN7SKP64	0.911978017471126
ENSG00000269761	RN7SL336P	0.631543592276888
ENSG00000269761	RN7SL717P	0.911978017471126
ENSG00000269761	RPL21P130	0.911978017471126
ENSG00000269761	RPL21P57	0.481762684431656
ENSG00000269761	RPL35AP26	0.911978017471126
ENSG00000269761	RPL7AP58	0.911978017471126
ENSG00000269761	RPL8P1	0.911978017471126
ENSG00000269761	RPS27AP1	0.550763374212334
ENSG00000269761	RPS3AP14	0.376555493333205
ENSG00000269761	SLC25A5P6	0.838092675610412
ENSG00000269761	SLC47A1P1	0.629522956750047
ENSG00000269761	SLC5A12	0.314606903169761
ENSG00000269761	ST13P11	0.911978017471126
ENSG00000269761	TBC1D26	0.458189626558592
ENSG00000269761	TBC1D3G	0.830760643003898
ENSG00000269761	TMEM176B	0.595579597480256
ENSG00000269761	TMEM215	0.911978017471126
ENSG00000269761	TOP3BP1	0.911978017471126
ENSG00000269761	TSGA13	0.783361009827149
ENSG00000269761	TUBB7P	0.911978017471126
ENSG00000269761	VDAC2P3	0.911978017471126
ENSG00000269761	VIT	0.911978017471126
ENSG00000270249	ENSG00000288542	0.751515289745726
ENSG00000270249	GAPDHP24	0.241434275672799
ENSG00000270249	GJE1	0.751515289745726
ENSG00000270249	GPR65	0.751515289745726
ENSG00000270249	HMGN2P25	0.751515289745726
ENSG00000270249	HNRNPA1P66	0.751515289745726
ENSG00000270249	KRT8P25	0.751515289745726
ENSG00000270249	LYPD6B	0.751515289745726
ENSG00000270249	MESDP1	0.751515289745726
ENSG00000270249	NDUFA5P10	0.751515289745726
ENSG00000270249	NR1H4	0.751515289745726
ENSG00000270249	OOSP1	0.751515289745726
ENSG00000270249	OR51E2	0.751515289745726
ENSG00000270249	PIMREGP4	0.751515289745726
ENSG00000270249	PPBP	0.751515289745726
ENSG00000270249	PRSS43P	0.751515289745726
ENSG00000270249	RN7SKP64	0.751515289745726
ENSG00000270249	RN7SL717P	0.751515289745726
ENSG00000270249	RPL21P130	0.751515289745726
ENSG00000270249	RPL35AP26	0.751515289745726
ENSG00000270249	RPL7AP58	0.751515289745726
ENSG00000270249	RPL8P1	0.751515289745726
ENSG00000270249	SLC25A5P6	0.259427026635466
ENSG00000270249	ST13P11	0.751515289745726
ENSG00000270249	TBC1D3G	0.24135173035638
ENSG00000270249	TMEM215	0.751515289745726
ENSG00000270249	TOP3BP1	0.751515289745726
ENSG00000270249	TUBB7P	0.751515289745726
ENSG00000270249	VDAC2P3	0.751515289745726
ENSG00000270249	VIT	0.751515289745726
ENSG00000274717	ENSG00000288542	0.247615795328318
ENSG00000274717	GJE1	0.247615795328318
ENSG00000274717	GPR65	0.247615795328318
ENSG00000274717	HMGN2P25	0.247615795328318
ENSG00000274717	HNRNPA1P66	0.247615795328318
ENSG00000274717	KRT8P25	0.247615795328318
ENSG00000274717	LYPD6B	0.247615795328318
ENSG00000274717	MESDP1	0.247615795328318
ENSG00000274717	NDUFA5P10	0.247615795328318
ENSG00000274717	NR1H4	0.247615795328318
ENSG00000274717	OOSP1	0.247615795328318
ENSG00000274717	OR51E2	0.247615795328318
ENSG00000274717	PIMREGP4	0.247615795328318
ENSG00000274717	PPBP	0.247615795328318
ENSG00000274717	PRSS43P	0.247615795328318
ENSG00000274717	RN7SKP64	0.247615795328318
ENSG00000274717	RN7SL717P	0.247615795328318
ENSG00000274717	RPL21P130	0.247615795328318
ENSG00000274717	RPL35AP26	0.247615795328318
ENSG00000274717	RPL7AP58	0.247615795328318
ENSG00000274717	RPL8P1	0.247615795328318
ENSG00000274717	ST13P11	0.247615795328318
ENSG00000274717	TMEM215	0.247615795328318
ENSG00000274717	TOP3BP1	0.247615795328318
ENSG00000274717	TUBB7P	0.247615795328318
ENSG00000274717	VDAC2P3	0.247615795328318
ENSG00000274717	VIT	0.247615795328318
ENSG00000277922	ENSG00000288542	0.449166767559157
ENSG00000277922	GJE1	0.449166767559157
ENSG00000277922	GPR65	0.449166767559157
ENSG00000277922	HMGN2P25	0.449166767559157
ENSG00000277922	HNRNPA1P66	0.449166767559157
ENSG00000277922	KRT8P25	0.449166767559157
ENSG00000277922	LYPD6B	0.449166767559157
ENSG00000277922	MESDP1	0.449166767559157
ENSG00000277922	NDUFA5P10	0.449166767559157
ENSG00000277922	NR1H4	0.449166767559157
ENSG00000277922	OOSP1	0.449166767559157
ENSG00000277922	OR51E2	0.449166767559157
ENSG00000277922	PIMREGP4	0.449166767559157
ENSG00000277922	PPBP	0.449166767559157
ENSG00000277922	PRSS43P	0.449166767559157
ENSG00000277922	RN7SKP64	0.449166767559157
ENSG00000277922	RN7SL717P	0.449166767559157
ENSG00000277922	RPL21P130	0.449166767559157
ENSG00000277922	RPL35AP26	0.449166767559157
ENSG00000277922	RPL7AP58	0.449166767559157
ENSG00000277922	RPL8P1	0.449166767559157
ENSG00000277922	ST13P11	0.449166767559157
ENSG00000277922	TMEM215	0.449166767559157
ENSG00000277922	TOP3BP1	0.449166767559157
ENSG00000277922	TUBB7P	0.449166767559157
ENSG00000277922	VDAC2P3	0.449166767559157
ENSG00000277922	VIT	0.449166767559157
ENSG00000279122	ENSG00000288542	0.602243244943783
ENSG00000279122	GJE1	0.602243244943783
ENSG00000279122	GPR65	0.602243244943783
ENSG00000279122	HMGN2P25	0.602243244943783
ENSG00000279122	HNRNPA1P66	0.602243244943783
ENSG00000279122	KRT8P25	0.602243244943783
ENSG00000279122	LYPD6B	0.602243244943783
ENSG00000279122	MESDP1	0.602243244943783
ENSG00000279122	NDUFA5P10	0.602243244943783
ENSG00000279122	NR1H4	0.602243244943783
ENSG00000279122	OOSP1	0.602243244943783
ENSG00000279122	OR51E2	0.602243244943783
ENSG00000279122	PIMREGP4	0.602243244943783
ENSG00000279122	PPBP	0.602243244943783
ENSG00000279122	PRSS43P	0.602243244943783
ENSG00000279122	RN7SKP64	0.602243244943783
ENSG00000279122	RN7SL717P	0.602243244943783
ENSG00000279122	RPL21P130	0.602243244943783
ENSG00000279122	RPL35AP26	0.602243244943783
ENSG00000279122	RPL7AP58	0.602243244943783
ENSG00000279122	RPL8P1	0.602243244943783
ENSG00000279122	ST13P11	0.602243244943783
ENSG00000279122	TMEM215	0.602243244943783
ENSG00000279122	TOP3BP1	0.602243244943783
ENSG00000279122	TUBB7P	0.602243244943783
ENSG00000279122	VDAC2P3	0.602243244943783
ENSG00000279122	VIT	0.602243244943783
ENSG00000279373	ENSG00000288542	0.316930668626678
ENSG00000279373	GJE1	0.316930668626678
ENSG00000279373	GPR65	0.316930668626678
ENSG00000279373	HMGN2P25	0.316930668626678
ENSG00000279373	HNRNPA1P66	0.316930668626678
ENSG00000279373	KRT8P25	0.316930668626678
ENSG00000279373	LYPD6B	0.316930668626678
ENSG00000279373	MESDP1	0.316930668626678
ENSG00000279373	NDUFA5P10	0.316930668626678
ENSG00000279373	NR1H4	0.316930668626678
ENSG00000279373	OOSP1	0.316930668626678
ENSG00000279373	OR51E2	0.316930668626678
ENSG00000279373	PIMREGP4	0.316930668626678
ENSG00000279373	PPBP	0.316930668626678
ENSG00000279373	PRSS43P	0.316930668626678
ENSG00000279373	RN7SKP64	0.316930668626678
ENSG00000279373	RN7SL717P	0.316930668626678
ENSG00000279373	RPL21P130	0.316930668626678
ENSG00000279373	RPL35AP26	0.316930668626678
ENSG00000279373	RPL7AP58	0.316930668626678
ENSG00000279373	RPL8P1	0.316930668626678
ENSG00000279373	ST13P11	0.316930668626678
ENSG00000279373	TMEM215	0.316930668626678
ENSG00000279373	TOP3BP1	0.316930668626678
ENSG00000279373	TUBB7P	0.316930668626678
ENSG00000279373	VDAC2P3	0.316930668626678
ENSG00000279373	VIT	0.316930668626678
ENSG00000279430	ENSG00000288542	0.587785806903895
ENSG00000279430	GJE1	0.587785806903895
ENSG00000279430	GPR65	0.587785806903895
ENSG00000279430	HMGN2P25	0.587785806903895
ENSG00000279430	HNRNPA1P66	0.587785806903895
ENSG00000279430	KRT8P25	0.587785806903895
ENSG00000279430	LYPD6B	0.587785806903895
ENSG00000279430	MESDP1	0.587785806903895
ENSG00000279430	NDUFA5P10	0.587785806903895
ENSG00000279430	NR1H4	0.587785806903895
ENSG00000279430	OOSP1	0.587785806903895
ENSG00000279430	OR51E2	0.587785806903895
ENSG00000279430	PIMREGP4	0.587785806903895
ENSG00000279430	PPBP	0.587785806903895
ENSG00000279430	PRSS43P	0.587785806903895
ENSG00000279430	RN7SKP64	0.587785806903895
ENSG00000279430	RN7SL717P	0.587785806903895
ENSG00000279430	RPL21P130	0.587785806903895
ENSG00000279430	RPL35AP26	0.587785806903895
ENSG00000279430	RPL7AP58	0.587785806903895
ENSG00000279430	RPL8P1	0.587785806903895
ENSG00000279430	ST13P11	0.587785806903895
ENSG00000279430	TMEM215	0.587785806903895
ENSG00000279430	TOP3BP1	0.587785806903895
ENSG00000279430	TUBB7P	0.587785806903895
ENSG00000279430	VDAC2P3	0.587785806903895
ENSG00000279430	VIT	0.587785806903895
ENSG00000279982	ENSG00000288542	0.327059463516815
ENSG00000279982	GJE1	0.327059463516815
ENSG00000279982	GPR65	0.327059463516815
ENSG00000279982	HMGN2P25	0.327059463516815
ENSG00000279982	HNRNPA1P66	0.327059463516815
ENSG00000279982	KRT8P25	0.327059463516815
ENSG00000279982	LYPD6B	0.327059463516815
ENSG00000279982	MESDP1	0.327059463516815
ENSG00000279982	NDUFA5P10	0.327059463516815
ENSG00000279982	NR1H4	0.327059463516815
ENSG00000279982	OOSP1	0.327059463516815
ENSG00000279982	OR51E2	0.327059463516815
ENSG00000279982	PIMREGP4	0.327059463516815
ENSG00000279982	PPBP	0.327059463516815
ENSG00000279982	PRSS43P	0.327059463516815
ENSG00000279982	RN7SKP64	0.327059463516815
ENSG00000279982	RN7SL717P	0.327059463516815
ENSG00000279982	RPL21P130	0.327059463516815
ENSG00000279982	RPL35AP26	0.327059463516815
ENSG00000279982	RPL7AP58	0.327059463516815
ENSG00000279982	RPL8P1	0.327059463516815
ENSG00000279982	ST13P11	0.327059463516815
ENSG00000279982	TMEM215	0.327059463516815
ENSG00000279982	TOP3BP1	0.327059463516815
ENSG00000279982	TUBB7P	0.327059463516815
ENSG00000279982	VDAC2P3	0.327059463516815
ENSG00000279982	VIT	0.327059463516815
ENSG00000288542	GAPDHP21	0.714257794885319
ENSG00000288542	GAPDHP24	0.831278433979315
ENSG00000288542	GCNT1P3	0.569196326429874
ENSG00000288542	GJE1	0.911978017471126
ENSG00000288542	GPR65	0.911978017471126
ENSG00000288542	HMGN2P25	0.911978017471126
ENSG00000288542	HNRNPA1P66	0.911978017471126
ENSG00000288542	KCNMB3P1	0.312527377083334
ENSG00000288542	KRT8P25	0.911978017471126
ENSG00000288542	LYPD6B	0.911978017471126
ENSG00000288542	MESDP1	0.911978017471126
ENSG00000288542	MFAP1P1	0.600889643510213
ENSG00000288542	MRE11P1	0.391735610380682
ENSG00000288542	MTATP6P15	0.649497465893071
ENSG00000288542	NDUFA5P10	0.911978017471126
ENSG00000288542	NR1H4	0.911978017471126
ENSG00000288542	OOSP1	0.911978017471126
ENSG00000288542	OR51E2	0.911978017471126
ENSG00000288542	PDXDC2P	0.835151848414508
ENSG00000288542	PHB1P15	0.474746667871967
ENSG00000288542	PIMREGP4	0.911978017471126
ENSG00000288542	PPBP	0.911978017471126
ENSG00000288542	PRSS43P	0.911978017471126
ENSG00000288542	REN	0.696606185477924
ENSG00000288542	RN7SKP64	0.911978017471126
ENSG00000288542	RN7SL336P	0.631543592276888
ENSG00000288542	RN7SL717P	0.911978017471126
ENSG00000288542	RPL21P130	0.911978017471126
ENSG00000288542	RPL21P57	0.481762684431656
ENSG00000288542	RPL35AP26	0.911978017471126
ENSG00000288542	RPL7AP58	0.911978017471126
ENSG00000288542	RPL8P1	0.911978017471126
ENSG00000288542	RPS27AP1	0.550763374212334
ENSG00000288542	RPS3AP14	0.376555493333205
ENSG00000288542	SLC25A5P6	0.838092675610412
ENSG00000288542	SLC47A1P1	0.629522956750047
ENSG00000288542	SLC5A12	0.314606903169761
ENSG00000288542	ST13P11	0.911978017471126
ENSG00000288542	TBC1D26	0.458189626558592
ENSG00000288542	TBC1D3G	0.830760643003898
ENSG00000288542	TMEM176B	0.595579597480256
ENSG00000288542	TMEM215	0.911978017471126
ENSG00000288542	TOP3BP1	0.911978017471126
ENSG00000288542	TSGA13	0.783361009827149
ENSG00000288542	TUBB7P	0.911978017471126
ENSG00000288542	VDAC2P3	0.911978017471126
ENSG00000288542	VIT	0.911978017471126
GAPDHP21	GAPDHP24	0.22979665153095
GAPDHP21	GJE1	0.714257794885319
GAPDHP21	GPR65	0.714257794885319
GAPDHP21	HMGN2P25	0.714257794885319
GAPDHP21	HNRNPA1P66	0.714257794885319
GAPDHP21	KRT8P25	0.714257794885319
GAPDHP21	LYPD6B	0.714257794885319
GAPDHP21	MESDP1	0.714257794885319
GAPDHP21	NDUFA5P10	0.714257794885319
GAPDHP21	NR1H4	0.714257794885319
GAPDHP21	OOSP1	0.714257794885319
GAPDHP21	OR51E2	0.714257794885319
GAPDHP21	PIMREGP4	0.714257794885319
GAPDHP21	PPBP	0.714257794885319
GAPDHP21	PRSS43P	0.714257794885319
GAPDHP21	RN7SKP64	0.714257794885319
GAPDHP21	RN7SL717P	0.714257794885319
GAPDHP21	RPL21P130	0.714257794885319
GAPDHP21	RPL35AP26	0.714257794885319
GAPDHP21	RPL7AP58	0.714257794885319
GAPDHP21	RPL8P1	0.714257794885319
GAPDHP21	SLC25A5P6	0.231524469838938
GAPDHP21	ST13P11	0.714257794885319
GAPDHP21	TMEM215	0.714257794885319
GAPDHP21	TOP3BP1	0.714257794885319
GAPDHP21	TUBB7P	0.714257794885319
GAPDHP21	VDAC2P3	0.714257794885319
GAPDHP21	VIT	0.714257794885319
GAPDHP24	GJE1	0.831278433979315
GAPDHP24	GPR65	0.831278433979315
GAPDHP24	HMGN2P25	0.831278433979315
GAPDHP24	HNRNPA1P66	0.831278433979315
GAPDHP24	KRT8P25	0.831278433979315
GAPDHP24	LYPD6B	0.831278433979315
GAPDHP24	MESDP1	0.831278433979315
GAPDHP24	NDUFA5P10	0.831278433979315
GAPDHP24	NR1H4	0.831278433979315
GAPDHP24	OOSP1	0.831278433979315
GAPDHP24	OR51E2	0.831278433979315
GAPDHP24	PDXDC2P	0.269299480604414
GAPDHP24	PIMREGP4	0.831278433979315
GAPDHP24	PPBP	0.831278433979315
GAPDHP24	PRSS43P	0.831278433979315
GAPDHP24	REN	0.223914003025939
GAPDHP24	RN7SKP64	0.831278433979315
GAPDHP24	RN7SL717P	0.831278433979315
GAPDHP24	RPL21P130	0.831278433979315
GAPDHP24	RPL35AP26	0.831278433979315
GAPDHP24	RPL7AP58	0.831278433979315
GAPDHP24	RPL8P1	0.831278433979315
GAPDHP24	SLC25A5P6	0.269932241382236
GAPDHP24	ST13P11	0.831278433979315
GAPDHP24	TBC1D3G	0.267513361232675
GAPDHP24	TMEM215	0.831278433979315
GAPDHP24	TOP3BP1	0.831278433979315
GAPDHP24	TSGA13	0.251688810111612
GAPDHP24	TUBB7P	0.831278433979315
GAPDHP24	VDAC2P3	0.831278433979315
GAPDHP24	VIT	0.831278433979315
GCNT1P3	GJE1	0.569196326429874
GCNT1P3	GPR65	0.569196326429874
GCNT1P3	HMGN2P25	0.569196326429874
GCNT1P3	HNRNPA1P66	0.569196326429874
GCNT1P3	KRT8P25	0.569196326429874
GCNT1P3	LYPD6B	0.569196326429874
GCNT1P3	MESDP1	0.569196326429874
GCNT1P3	NDUFA5P10	0.569196326429874
GCNT1P3	NR1H4	0.569196326429874
GCNT1P3	OOSP1	0.569196326429874
GCNT1P3	OR51E2	0.569196326429874
GCNT1P3	PIMREGP4	0.569196326429874
GCNT1P3	PPBP	0.569196326429874
GCNT1P3	PRSS43P	0.569196326429874
GCNT1P3	RN7SKP64	0.569196326429874
GCNT1P3	RN7SL717P	0.569196326429874
GCNT1P3	RPL21P130	0.569196326429874
GCNT1P3	RPL35AP26	0.569196326429874
GCNT1P3	RPL7AP58	0.569196326429874
GCNT1P3	RPL8P1	0.569196326429874
GCNT1P3	ST13P11	0.569196326429874
GCNT1P3	TMEM215	0.569196326429874
GCNT1P3	TOP3BP1	0.569196326429874
GCNT1P3	TUBB7P	0.569196326429874
GCNT1P3	VDAC2P3	0.569196326429874
GCNT1P3	VIT	0.569196326429874
GJE1	GPR65	0.911978017471126
GJE1	HMGN2P25	0.911978017471126
GJE1	HNRNPA1P66	0.911978017471126
GJE1	KCNMB3P1	0.312527377083334
GJE1	KRT8P25	0.911978017471126
GJE1	LYPD6B	0.911978017471126
GJE1	MESDP1	0.911978017471126
GJE1	MFAP1P1	0.600889643510213
GJE1	MRE11P1	0.391735610380682
GJE1	MTATP6P15	0.649497465893071
GJE1	NDUFA5P10	0.911978017471126
GJE1	NR1H4	0.911978017471126
GJE1	OOSP1	0.911978017471126
GJE1	OR51E2	0.911978017471126
GJE1	PDXDC2P	0.835151848414508
GJE1	PHB1P15	0.474746667871967
GJE1	PIMREGP4	0.911978017471126
GJE1	PPBP	0.911978017471126
GJE1	PRSS43P	0.911978017471126
GJE1	REN	0.696606185477924
GJE1	RN7SKP64	0.911978017471126
GJE1	RN7SL336P	0.631543592276888
GJE1	RN7SL717P	0.911978017471126
GJE1	RPL21P130	0.911978017471126
GJE1	RPL21P57	0.481762684431656
GJE1	RPL35AP26	0.911978017471126
GJE1	RPL7AP58	0.911978017471126
GJE1	RPL8P1	0.911978017471126
GJE1	RPS27AP1	0.550763374212334
GJE1	RPS3AP14	0.376555493333205
GJE1	SLC25A5P6	0.838092675610412
GJE1	SLC47A1P1	0.629522956750047
GJE1	SLC5A12	0.314606903169761
GJE1	ST13P11	0.911978017471126
GJE1	TBC1D26	0.458189626558592
GJE1	TBC1D3G	0.830760643003898
GJE1	TMEM176B	0.595579597480256
GJE1	TMEM215	0.911978017471126
GJE1	TOP3BP1	0.911978017471126
GJE1	TSGA13	0.783361009827149
GJE1	TUBB7P	0.911978017471126
GJE1	VDAC2P3	0.911978017471126
GJE1	VIT	0.911978017471126
GPR65	HMGN2P25	0.911978017471126
GPR65	HNRNPA1P66	0.911978017471126
GPR65	KCNMB3P1	0.312527377083334
GPR65	KRT8P25	0.911978017471126
GPR65	LYPD6B	0.911978017471126
GPR65	MESDP1	0.911978017471126
GPR65	MFAP1P1	0.600889643510213
GPR65	MRE11P1	0.391735610380682
GPR65	MTATP6P15	0.649497465893071
GPR65	NDUFA5P10	0.911978017471126
GPR65	NR1H4	0.911978017471126
GPR65	OOSP1	0.911978017471126
GPR65	OR51E2	0.911978017471126
GPR65	PDXDC2P	0.835151848414508
GPR65	PHB1P15	0.474746667871967
GPR65	PIMREGP4	0.911978017471126
GPR65	PPBP	0.911978017471126
GPR65	PRSS43P	0.911978017471126
GPR65	REN	0.696606185477924
GPR65	RN7SKP64	0.911978017471126
GPR65	RN7SL336P	0.631543592276888
GPR65	RN7SL717P	0.911978017471126
GPR65	RPL21P130	0.911978017471126
GPR65	RPL21P57	0.481762684431656
GPR65	RPL35AP26	0.911978017471126
GPR65	RPL7AP58	0.911978017471126
GPR65	RPL8P1	0.911978017471126
GPR65	RPS27AP1	0.550763374212334
GPR65	RPS3AP14	0.376555493333205
GPR65	SLC25A5P6	0.838092675610412
GPR65	SLC47A1P1	0.629522956750047
GPR65	SLC5A12	0.314606903169761
GPR65	ST13P11	0.911978017471126
GPR65	TBC1D26	0.458189626558592
GPR65	TBC1D3G	0.830760643003898
GPR65	TMEM176B	0.595579597480256
GPR65	TMEM215	0.911978017471126
GPR65	TOP3BP1	0.911978017471126
GPR65	TSGA13	0.783361009827149
GPR65	TUBB7P	0.911978017471126
GPR65	VDAC2P3	0.911978017471126
GPR65	VIT	0.911978017471126
HMGN2P25	HNRNPA1P66	0.911978017471126
HMGN2P25	KCNMB3P1	0.312527377083334
HMGN2P25	KRT8P25	0.911978017471126
HMGN2P25	LYPD6B	0.911978017471126
HMGN2P25	MESDP1	0.911978017471126
HMGN2P25	MFAP1P1	0.600889643510213
HMGN2P25	MRE11P1	0.391735610380682
HMGN2P25	MTATP6P15	0.649497465893071
HMGN2P25	NDUFA5P10	0.911978017471126
HMGN2P25	NR1H4	0.911978017471126
HMGN2P25	OOSP1	0.911978017471126
HMGN2P25	OR51E2	0.911978017471126
HMGN2P25	PDXDC2P	0.835151848414508
HMGN2P25	PHB1P15	0.474746667871967
HMGN2P25	PIMREGP4	0.911978017471126
HMGN2P25	PPBP	0.911978017471126
HMGN2P25	PRSS43P	0.911978017471126
HMGN2P25	REN	0.696606185477924
HMGN2P25	RN7SKP64	0.911978017471126
HMGN2P25	RN7SL336P	0.631543592276888
HMGN2P25	RN7SL717P	0.911978017471126
HMGN2P25	RPL21P130	0.911978017471126
HMGN2P25	RPL21P57	0.481762684431656
HMGN2P25	RPL35AP26	0.911978017471126
HMGN2P25	RPL7AP58	0.911978017471126
HMGN2P25	RPL8P1	0.911978017471126
HMGN2P25	RPS27AP1	0.550763374212334
HMGN2P25	RPS3AP14	0.376555493333205
HMGN2P25	SLC25A5P6	0.838092675610412
HMGN2P25	SLC47A1P1	0.629522956750047
HMGN2P25	SLC5A12	0.314606903169761
HMGN2P25	ST13P11	0.911978017471126
HMGN2P25	TBC1D26	0.458189626558592
HMGN2P25	TBC1D3G	0.830760643003898
HMGN2P25	TMEM176B	0.595579597480256
HMGN2P25	TMEM215	0.911978017471126
HMGN2P25	TOP3BP1	0.911978017471126
HMGN2P25	TSGA13	0.783361009827149
HMGN2P25	TUBB7P	0.911978017471126
HMGN2P25	VDAC2P3	0.911978017471126
HMGN2P25	VIT	0.911978017471126
HNRNPA1P66	KCNMB3P1	0.312527377083334
HNRNPA1P66	KRT8P25	0.911978017471126
HNRNPA1P66	LYPD6B	0.911978017471126
HNRNPA1P66	MESDP1	0.911978017471126
HNRNPA1P66	MFAP1P1	0.600889643510213
HNRNPA1P66	MRE11P1	0.391735610380682
HNRNPA1P66	MTATP6P15	0.649497465893071
HNRNPA1P66	NDUFA5P10	0.911978017471126
HNRNPA1P66	NR1H4	0.911978017471126
HNRNPA1P66	OOSP1	0.911978017471126
HNRNPA1P66	OR51E2	0.911978017471126
HNRNPA1P66	PDXDC2P	0.835151848414508
HNRNPA1P66	PHB1P15	0.474746667871967
HNRNPA1P66	PIMREGP4	0.911978017471126
HNRNPA1P66	PPBP	0.911978017471126
HNRNPA1P66	PRSS43P	0.911978017471126
HNRNPA1P66	REN	0.696606185477924
HNRNPA1P66	RN7SKP64	0.911978017471126
HNRNPA1P66	RN7SL336P	0.631543592276888
HNRNPA1P66	RN7SL717P	0.911978017471126
HNRNPA1P66	RPL21P130	0.911978017471126
HNRNPA1P66	RPL21P57	0.481762684431656
HNRNPA1P66	RPL35AP26	0.911978017471126
HNRNPA1P66	RPL7AP58	0.911978017471126
HNRNPA1P66	RPL8P1	0.911978017471126
HNRNPA1P66	RPS27AP1	0.550763374212334
HNRNPA1P66	RPS3AP14	0.376555493333205
HNRNPA1P66	SLC25A5P6	0.838092675610412
HNRNPA1P66	SLC47A1P1	0.629522956750047
HNRNPA1P66	SLC5A12	0.314606903169761
HNRNPA1P66	ST13P11	0.911978017471126
HNRNPA1P66	TBC1D26	0.458189626558592
HNRNPA1P66	TBC1D3G	0.830760643003898
HNRNPA1P66	TMEM176B	0.595579597480256
HNRNPA1P66	TMEM215	0.911978017471126
HNRNPA1P66	TOP3BP1	0.911978017471126
HNRNPA1P66	TSGA13	0.783361009827149
HNRNPA1P66	TUBB7P	0.911978017471126
HNRNPA1P66	VDAC2P3	0.911978017471126
HNRNPA1P66	VIT	0.911978017471126
KCNMB3P1	KRT8P25	0.312527377083334
KCNMB3P1	LYPD6B	0.312527377083334
KCNMB3P1	MESDP1	0.312527377083334
KCNMB3P1	NDUFA5P10	0.312527377083334
KCNMB3P1	NR1H4	0.312527377083334
KCNMB3P1	OOSP1	0.312527377083334
KCNMB3P1	OR51E2	0.312527377083334
KCNMB3P1	PIMREGP4	0.312527377083334
KCNMB3P1	PPBP	0.312527377083334
KCNMB3P1	PRSS43P	0.312527377083334
KCNMB3P1	RN7SKP64	0.312527377083334
KCNMB3P1	RN7SL717P	0.312527377083334
KCNMB3P1	RPL21P130	0.312527377083334
KCNMB3P1	RPL35AP26	0.312527377083334
KCNMB3P1	RPL7AP58	0.312527377083334
KCNMB3P1	RPL8P1	0.312527377083334
KCNMB3P1	ST13P11	0.312527377083334
KCNMB3P1	TMEM215	0.312527377083334
KCNMB3P1	TOP3BP1	0.312527377083334
KCNMB3P1	TUBB7P	0.312527377083334
KCNMB3P1	VDAC2P3	0.312527377083334
KCNMB3P1	VIT	0.312527377083334
KRT8P25	LYPD6B	0.911978017471126
KRT8P25	MESDP1	0.911978017471126
KRT8P25	MFAP1P1	0.600889643510213
KRT8P25	MRE11P1	0.391735610380682
KRT8P25	MTATP6P15	0.649497465893071
KRT8P25	NDUFA5P10	0.911978017471126
KRT8P25	NR1H4	0.911978017471126
KRT8P25	OOSP1	0.911978017471126
KRT8P25	OR51E2	0.911978017471126
KRT8P25	PDXDC2P	0.835151848414508
KRT8P25	PHB1P15	0.474746667871967
KRT8P25	PIMREGP4	0.911978017471126
KRT8P25	PPBP	0.911978017471126
KRT8P25	PRSS43P	0.911978017471126
KRT8P25	REN	0.696606185477924
KRT8P25	RN7SKP64	0.911978017471126
KRT8P25	RN7SL336P	0.631543592276888
KRT8P25	RN7SL717P	0.911978017471126
KRT8P25	RPL21P130	0.911978017471126
KRT8P25	RPL21P57	0.481762684431656
KRT8P25	RPL35AP26	0.911978017471126
KRT8P25	RPL7AP58	0.911978017471126
KRT8P25	RPL8P1	0.911978017471126
KRT8P25	RPS27AP1	0.550763374212334
KRT8P25	RPS3AP14	0.376555493333205
KRT8P25	SLC25A5P6	0.838092675610412
KRT8P25	SLC47A1P1	0.629522956750047
KRT8P25	SLC5A12	0.314606903169761
KRT8P25	ST13P11	0.911978017471126
KRT8P25	TBC1D26	0.458189626558592
KRT8P25	TBC1D3G	0.830760643003898
KRT8P25	TMEM176B	0.595579597480256
KRT8P25	TMEM215	0.911978017471126
KRT8P25	TOP3BP1	0.911978017471126
KRT8P25	TSGA13	0.783361009827149
KRT8P25	TUBB7P	0.911978017471126
KRT8P25	VDAC2P3	0.911978017471126
KRT8P25	VIT	0.911978017471126
LYPD6B	MESDP1	0.911978017471126
LYPD6B	MFAP1P1	0.600889643510213
LYPD6B	MRE11P1	0.391735610380682
LYPD6B	MTATP6P15	0.649497465893071
LYPD6B	NDUFA5P10	0.911978017471126
LYPD6B	NR1H4	0.911978017471126
LYPD6B	OOSP1	0.911978017471126
LYPD6B	OR51E2	0.911978017471126
LYPD6B	PDXDC2P	0.835151848414508
LYPD6B	PHB1P15	0.474746667871967
LYPD6B	PIMREGP4	0.911978017471126
LYPD6B	PPBP	0.911978017471126
LYPD6B	PRSS43P	0.911978017471126
LYPD6B	REN	0.696606185477924
LYPD6B	RN7SKP64	0.911978017471126
LYPD6B	RN7SL336P	0.631543592276888
LYPD6B	RN7SL717P	0.911978017471126
LYPD6B	RPL21P130	0.911978017471126
LYPD6B	RPL21P57	0.481762684431656
LYPD6B	RPL35AP26	0.911978017471126
LYPD6B	RPL7AP58	0.911978017471126
LYPD6B	RPL8P1	0.911978017471126
LYPD6B	RPS27AP1	0.550763374212334
LYPD6B	RPS3AP14	0.376555493333205
LYPD6B	SLC25A5P6	0.838092675610412
LYPD6B	SLC47A1P1	0.629522956750047
LYPD6B	SLC5A12	0.314606903169761
LYPD6B	ST13P11	0.911978017471126
LYPD6B	TBC1D26	0.458189626558592
LYPD6B	TBC1D3G	0.830760643003898
LYPD6B	TMEM176B	0.595579597480256
LYPD6B	TMEM215	0.911978017471126
LYPD6B	TOP3BP1	0.911978017471126
LYPD6B	TSGA13	0.783361009827149
LYPD6B	TUBB7P	0.911978017471126
LYPD6B	VDAC2P3	0.911978017471126
LYPD6B	VIT	0.911978017471126
MESDP1	MFAP1P1	0.600889643510213
MESDP1	MRE11P1	0.391735610380682
MESDP1	MTATP6P15	0.649497465893071
MESDP1	NDUFA5P10	0.911978017471126
MESDP1	NR1H4	0.911978017471126
MESDP1	OOSP1	0.911978017471126
MESDP1	OR51E2	0.911978017471126
MESDP1	PDXDC2P	0.835151848414508
MESDP1	PHB1P15	0.474746667871967
MESDP1	PIMREGP4	0.911978017471126
MESDP1	PPBP	0.911978017471126
MESDP1	PRSS43P	0.911978017471126
MESDP1	REN	0.696606185477924
MESDP1	RN7SKP64	0.911978017471126
MESDP1	RN7SL336P	0.631543592276888
MESDP1	RN7SL717P	0.911978017471126
MESDP1	RPL21P130	0.911978017471126
MESDP1	RPL21P57	0.481762684431656
MESDP1	RPL35AP26	0.911978017471126
MESDP1	RPL7AP58	0.911978017471126
MESDP1	RPL8P1	0.911978017471126
MESDP1	RPS27AP1	0.550763374212334
MESDP1	RPS3AP14	0.376555493333205
MESDP1	SLC25A5P6	0.838092675610412
MESDP1	SLC47A1P1	0.629522956750047
MESDP1	SLC5A12	0.314606903169761
MESDP1	ST13P11	0.911978017471126
MESDP1	TBC1D26	0.458189626558592
MESDP1	TBC1D3G	0.830760643003898
MESDP1	TMEM176B	0.595579597480256
MESDP1	TMEM215	0.911978017471126
MESDP1	TOP3BP1	0.911978017471126
MESDP1	TSGA13	0.783361009827149
MESDP1	TUBB7P	0.911978017471126
MESDP1	VDAC2P3	0.911978017471126
MESDP1	VIT	0.911978017471126
MFAP1P1	NDUFA5P10	0.600889643510213
MFAP1P1	NR1H4	0.600889643510213
MFAP1P1	OOSP1	0.600889643510213
MFAP1P1	OR51E2	0.600889643510213
MFAP1P1	PIMREGP4	0.600889643510213
MFAP1P1	PPBP	0.600889643510213
MFAP1P1	PRSS43P	0.600889643510213
MFAP1P1	RN7SKP64	0.600889643510213
MFAP1P1	RN7SL717P	0.600889643510213
MFAP1P1	RPL21P130	0.600889643510213
MFAP1P1	RPL35AP26	0.600889643510213
MFAP1P1	RPL7AP58	0.600889643510213
MFAP1P1	RPL8P1	0.600889643510213
MFAP1P1	ST13P11	0.600889643510213
MFAP1P1	TMEM215	0.600889643510213
MFAP1P1	TOP3BP1	0.600889643510213
MFAP1P1	TUBB7P	0.600889643510213
MFAP1P1	VDAC2P3	0.600889643510213
MFAP1P1	VIT	0.600889643510213
MRE11P1	NDUFA5P10	0.391735610380682
MRE11P1	NR1H4	0.391735610380682
MRE11P1	OOSP1	0.391735610380682
MRE11P1	OR51E2	0.391735610380682
MRE11P1	PIMREGP4	0.391735610380682
MRE11P1	PPBP	0.391735610380682
MRE11P1	PRSS43P	0.391735610380682
MRE11P1	RN7SKP64	0.391735610380682
MRE11P1	RN7SL717P	0.391735610380682
MRE11P1	RPL21P130	0.391735610380682
MRE11P1	RPL35AP26	0.391735610380682
MRE11P1	RPL7AP58	0.391735610380682
MRE11P1	RPL8P1	0.391735610380682
MRE11P1	ST13P11	0.391735610380682
MRE11P1	TMEM215	0.391735610380682
MRE11P1	TOP3BP1	0.391735610380682
MRE11P1	TUBB7P	0.391735610380682
MRE11P1	VDAC2P3	0.391735610380682
MRE11P1	VIT	0.391735610380682
MTATP6P15	NDUFA5P10	0.649497465893071
MTATP6P15	NR1H4	0.649497465893071
MTATP6P15	OOSP1	0.649497465893071
MTATP6P15	OR51E2	0.649497465893071
MTATP6P15	PIMREGP4	0.649497465893071
MTATP6P15	PPBP	0.649497465893071
MTATP6P15	PRSS43P	0.649497465893071
MTATP6P15	RN7SKP64	0.649497465893071
MTATP6P15	RN7SL717P	0.649497465893071
MTATP6P15	RPL21P130	0.649497465893071
MTATP6P15	RPL35AP26	0.649497465893071
MTATP6P15	RPL7AP58	0.649497465893071
MTATP6P15	RPL8P1	0.649497465893071
MTATP6P15	ST13P11	0.649497465893071
MTATP6P15	TMEM215	0.649497465893071
MTATP6P15	TOP3BP1	0.649497465893071
MTATP6P15	TUBB7P	0.649497465893071
MTATP6P15	VDAC2P3	0.649497465893071
MTATP6P15	VIT	0.649497465893071
NDUFA5P10	NR1H4	0.911978017471126
NDUFA5P10	OOSP1	0.911978017471126
NDUFA5P10	OR51E2	0.911978017471126
NDUFA5P10	PDXDC2P	0.835151848414508
NDUFA5P10	PHB1P15	0.474746667871967
NDUFA5P10	PIMREGP4	0.911978017471126
NDUFA5P10	PPBP	0.911978017471126
NDUFA5P10	PRSS43P	0.911978017471126
NDUFA5P10	REN	0.696606185477924
NDUFA5P10	RN7SKP64	0.911978017471126
NDUFA5P10	RN7SL336P	0.631543592276888
NDUFA5P10	RN7SL717P	0.911978017471126
NDUFA5P10	RPL21P130	0.911978017471126
NDUFA5P10	RPL21P57	0.481762684431656
NDUFA5P10	RPL35AP26	0.911978017471126
NDUFA5P10	RPL7AP58	0.911978017471126
NDUFA5P10	RPL8P1	0.911978017471126
NDUFA5P10	RPS27AP1	0.550763374212334
NDUFA5P10	RPS3AP14	0.376555493333205
NDUFA5P10	SLC25A5P6	0.838092675610412
NDUFA5P10	SLC47A1P1	0.629522956750047
NDUFA5P10	SLC5A12	0.314606903169761
NDUFA5P10	ST13P11	0.911978017471126
NDUFA5P10	TBC1D26	0.458189626558592
NDUFA5P10	TBC1D3G	0.830760643003898
NDUFA5P10	TMEM176B	0.595579597480256
NDUFA5P10	TMEM215	0.911978017471126
NDUFA5P10	TOP3BP1	0.911978017471126
NDUFA5P10	TSGA13	0.783361009827149
NDUFA5P10	TUBB7P	0.911978017471126
NDUFA5P10	VDAC2P3	0.911978017471126
NDUFA5P10	VIT	0.911978017471126
NR1H4	OOSP1	0.911978017471126
NR1H4	OR51E2	0.911978017471126
NR1H4	PDXDC2P	0.835151848414508
NR1H4	PHB1P15	0.474746667871967
NR1H4	PIMREGP4	0.911978017471126
NR1H4	PPBP	0.911978017471126
NR1H4	PRSS43P	0.911978017471126
NR1H4	REN	0.696606185477924
NR1H4	RN7SKP64	0.911978017471126
NR1H4	RN7SL336P	0.631543592276888
NR1H4	RN7SL717P	0.911978017471126
NR1H4	RPL21P130	0.911978017471126
NR1H4	RPL21P57	0.481762684431656
NR1H4	RPL35AP26	0.911978017471126
NR1H4	RPL7AP58	0.911978017471126
NR1H4	RPL8P1	0.911978017471126
NR1H4	RPS27AP1	0.550763374212334
NR1H4	RPS3AP14	0.376555493333205
NR1H4	SLC25A5P6	0.838092675610412
NR1H4	SLC47A1P1	0.629522956750047
NR1H4	SLC5A12	0.314606903169761
NR1H4	ST13P11	0.911978017471126
NR1H4	TBC1D26	0.458189626558592
NR1H4	TBC1D3G	0.830760643003898
NR1H4	TMEM176B	0.595579597480256
NR1H4	TMEM215	0.911978017471126
NR1H4	TOP3BP1	0.911978017471126
NR1H4	TSGA13	0.783361009827149
NR1H4	TUBB7P	0.911978017471126
NR1H4	VDAC2P3	0.911978017471126
NR1H4	VIT	0.911978017471126
OOSP1	OR51E2	0.911978017471126
OOSP1	PDXDC2P	0.835151848414508
OOSP1	PHB1P15	0.474746667871967
OOSP1	PIMREGP4	0.911978017471126
OOSP1	PPBP	0.911978017471126
OOSP1	PRSS43P	0.911978017471126
OOSP1	REN	0.696606185477924
OOSP1	RN7SKP64	0.911978017471126
OOSP1	RN7SL336P	0.631543592276888
OOSP1	RN7SL717P	0.911978017471126
OOSP1	RPL21P130	0.911978017471126
OOSP1	RPL21P57	0.481762684431656
OOSP1	RPL35AP26	0.911978017471126
OOSP1	RPL7AP58	0.911978017471126
OOSP1	RPL8P1	0.911978017471126
OOSP1	RPS27AP1	0.550763374212334
OOSP1	RPS3AP14	0.376555493333205
OOSP1	SLC25A5P6	0.838092675610412
OOSP1	SLC47A1P1	0.629522956750047
OOSP1	SLC5A12	0.314606903169761
OOSP1	ST13P11	0.911978017471126
OOSP1	TBC1D26	0.458189626558592
OOSP1	TBC1D3G	0.830760643003898
OOSP1	TMEM176B	0.595579597480256
OOSP1	TMEM215	0.911978017471126
OOSP1	TOP3BP1	0.911978017471126
OOSP1	TSGA13	0.783361009827149
OOSP1	TUBB7P	0.911978017471126
OOSP1	VDAC2P3	0.911978017471126
OOSP1	VIT	0.911978017471126
OR51E2	PDXDC2P	0.835151848414508
OR51E2	PHB1P15	0.474746667871967
OR51E2	PIMREGP4	0.911978017471126
OR51E2	PPBP	0.911978017471126
OR51E2	PRSS43P	0.911978017471126
OR51E2	REN	0.696606185477924
OR51E2	RN7SKP64	0.911978017471126
OR51E2	RN7SL336P	0.631543592276888
OR51E2	RN7SL717P	0.911978017471126
OR51E2	RPL21P130	0.911978017471126
OR51E2	RPL21P57	0.481762684431656
OR51E2	RPL35AP26	0.911978017471126
OR51E2	RPL7AP58	0.911978017471126
OR51E2	RPL8P1	0.911978017471126
OR51E2	RPS27AP1	0.550763374212334
OR51E2	RPS3AP14	0.376555493333205
OR51E2	SLC25A5P6	0.838092675610412
OR51E2	SLC47A1P1	0.629522956750047
OR51E2	SLC5A12	0.314606903169761
OR51E2	ST13P11	0.911978017471126
OR51E2	TBC1D26	0.458189626558592
OR51E2	TBC1D3G	0.830760643003898
OR51E2	TMEM176B	0.595579597480256
OR51E2	TMEM215	0.911978017471126
OR51E2	TOP3BP1	0.911978017471126
OR51E2	TSGA13	0.783361009827149
OR51E2	TUBB7P	0.911978017471126
OR51E2	VDAC2P3	0.911978017471126
OR51E2	VIT	0.911978017471126
PDXDC2P	PIMREGP4	0.835151848414508
PDXDC2P	PPBP	0.835151848414508
PDXDC2P	PRSS43P	0.835151848414508
PDXDC2P	RN7SKP64	0.835151848414508
PDXDC2P	RN7SL717P	0.835151848414508
PDXDC2P	RPL21P130	0.835151848414508
PDXDC2P	RPL35AP26	0.835151848414508
PDXDC2P	RPL7AP58	0.835151848414508
PDXDC2P	RPL8P1	0.835151848414508
PDXDC2P	SLC25A5P6	0.270481977208285
PDXDC2P	ST13P11	0.835151848414508
PDXDC2P	TBC1D3G	0.250455593075682
PDXDC2P	TMEM215	0.835151848414508
PDXDC2P	TOP3BP1	0.835151848414508
PDXDC2P	TUBB7P	0.835151848414508
PDXDC2P	VDAC2P3	0.835151848414508
PDXDC2P	VIT	0.835151848414508
PHB1P15	PIMREGP4	0.474746667871967
PHB1P15	PPBP	0.474746667871967
PHB1P15	PRSS43P	0.474746667871967
PHB1P15	RN7SKP64	0.474746667871967
PHB1P15	RN7SL717P	0.474746667871967
PHB1P15	RPL21P130	0.474746667871967
PHB1P15	RPL35AP26	0.474746667871967
PHB1P15	RPL7AP58	0.474746667871967
PHB1P15	RPL8P1	0.474746667871967
PHB1P15	ST13P11	0.474746667871967
PHB1P15	TMEM215	0.474746667871967
PHB1P15	TOP3BP1	0.474746667871967
PHB1P15	TUBB7P	0.474746667871967
PHB1P15	VDAC2P3	0.474746667871967
PHB1P15	VIT	0.474746667871967
PIMREGP4	PPBP	0.911978017471126
PIMREGP4	PRSS43P	0.911978017471126
PIMREGP4	REN	0.696606185477924
PIMREGP4	RN7SKP64	0.911978017471126
PIMREGP4	RN7SL336P	0.631543592276888
PIMREGP4	RN7SL717P	0.911978017471126
PIMREGP4	RPL21P130	0.911978017471126
PIMREGP4	RPL21P57	0.481762684431656
PIMREGP4	RPL35AP26	0.911978017471126
PIMREGP4	RPL7AP58	0.911978017471126
PIMREGP4	RPL8P1	0.911978017471126
PIMREGP4	RPS27AP1	0.550763374212334
PIMREGP4	RPS3AP14	0.376555493333205
PIMREGP4	SLC25A5P6	0.838092675610412
PIMREGP4	SLC47A1P1	0.629522956750047
PIMREGP4	SLC5A12	0.314606903169761
PIMREGP4	ST13P11	0.911978017471126
PIMREGP4	TBC1D26	0.458189626558592
PIMREGP4	TBC1D3G	0.830760643003898
PIMREGP4	TMEM176B	0.595579597480256
PIMREGP4	TMEM215	0.911978017471126
PIMREGP4	TOP3BP1	0.911978017471126
PIMREGP4	TSGA13	0.783361009827149
PIMREGP4	TUBB7P	0.911978017471126
PIMREGP4	VDAC2P3	0.911978017471126
PIMREGP4	VIT	0.911978017471126
PPBP	PRSS43P	0.911978017471126
PPBP	REN	0.696606185477924
PPBP	RN7SKP64	0.911978017471126
PPBP	RN7SL336P	0.631543592276888
PPBP	RN7SL717P	0.911978017471126
PPBP	RPL21P130	0.911978017471126
PPBP	RPL21P57	0.481762684431656
PPBP	RPL35AP26	0.911978017471126
PPBP	RPL7AP58	0.911978017471126
PPBP	RPL8P1	0.911978017471126
PPBP	RPS27AP1	0.550763374212334
PPBP	RPS3AP14	0.376555493333205
PPBP	SLC25A5P6	0.838092675610412
PPBP	SLC47A1P1	0.629522956750047
PPBP	SLC5A12	0.314606903169761
PPBP	ST13P11	0.911978017471126
PPBP	TBC1D26	0.458189626558592
PPBP	TBC1D3G	0.830760643003898
PPBP	TMEM176B	0.595579597480256
PPBP	TMEM215	0.911978017471126
PPBP	TOP3BP1	0.911978017471126
PPBP	TSGA13	0.783361009827149
PPBP	TUBB7P	0.911978017471126
PPBP	VDAC2P3	0.911978017471126
PPBP	VIT	0.911978017471126
PRSS43P	REN	0.696606185477924
PRSS43P	RN7SKP64	0.911978017471126
PRSS43P	RN7SL336P	0.631543592276888
PRSS43P	RN7SL717P	0.911978017471126
PRSS43P	RPL21P130	0.911978017471126
PRSS43P	RPL21P57	0.481762684431656
PRSS43P	RPL35AP26	0.911978017471126
PRSS43P	RPL7AP58	0.911978017471126
PRSS43P	RPL8P1	0.911978017471126
PRSS43P	RPS27AP1	0.550763374212334
PRSS43P	RPS3AP14	0.376555493333205
PRSS43P	SLC25A5P6	0.838092675610412
PRSS43P	SLC47A1P1	0.629522956750047
PRSS43P	SLC5A12	0.314606903169761
PRSS43P	ST13P11	0.911978017471126
PRSS43P	TBC1D26	0.458189626558592
PRSS43P	TBC1D3G	0.830760643003898
PRSS43P	TMEM176B	0.595579597480256
PRSS43P	TMEM215	0.911978017471126
PRSS43P	TOP3BP1	0.911978017471126
PRSS43P	TSGA13	0.783361009827149
PRSS43P	TUBB7P	0.911978017471126
PRSS43P	VDAC2P3	0.911978017471126
PRSS43P	VIT	0.911978017471126
REN	RN7SKP64	0.696606185477924
REN	RN7SL717P	0.696606185477924
REN	RPL21P130	0.696606185477924
REN	RPL35AP26	0.696606185477924
REN	RPL7AP58	0.696606185477924
REN	RPL8P1	0.696606185477924
REN	SLC25A5P6	0.279290200407163
REN	ST13P11	0.696606185477924
REN	TBC1D3G	0.262570549565181
REN	TMEM215	0.696606185477924
REN	TOP3BP1	0.696606185477924
REN	TUBB7P	0.696606185477924
REN	VDAC2P3	0.696606185477924
REN	VIT	0.696606185477924
RN7SKP64	RN7SL336P	0.631543592276888
RN7SKP64	RN7SL717P	0.911978017471126
RN7SKP64	RPL21P130	0.911978017471126
RN7SKP64	RPL21P57	0.481762684431656
RN7SKP64	RPL35AP26	0.911978017471126
RN7SKP64	RPL7AP58	0.911978017471126
RN7SKP64	RPL8P1	0.911978017471126
RN7SKP64	RPS27AP1	0.550763374212334
RN7SKP64	RPS3AP14	0.376555493333205
RN7SKP64	SLC25A5P6	0.838092675610412
RN7SKP64	SLC47A1P1	0.629522956750047
RN7SKP64	SLC5A12	0.314606903169761
RN7SKP64	ST13P11	0.911978017471126
RN7SKP64	TBC1D26	0.458189626558592
RN7SKP64	TBC1D3G	0.830760643003898
RN7SKP64	TMEM176B	0.595579597480256
RN7SKP64	TMEM215	0.911978017471126
RN7SKP64	TOP3BP1	0.911978017471126
RN7SKP64	TSGA13	0.783361009827149
RN7SKP64	TUBB7P	0.911978017471126
RN7SKP64	VDAC2P3	0.911978017471126
RN7SKP64	VIT	0.911978017471126
RN7SL336P	RN7SL717P	0.631543592276888
RN7SL336P	RPL21P130	0.631543592276888
RN7SL336P	RPL35AP26	0.631543592276888
RN7SL336P	RPL7AP58	0.631543592276888
RN7SL336P	RPL8P1	0.631543592276888
RN7SL336P	ST13P11	0.631543592276888
RN7SL336P	TMEM215	0.631543592276888
RN7SL336P	TOP3BP1	0.631543592276888
RN7SL336P	TUBB7P	0.631543592276888
RN7SL336P	VDAC2P3	0.631543592276888
RN7SL336P	VIT	0.631543592276888
RN7SL717P	RPL21P130	0.911978017471126
RN7SL717P	RPL21P57	0.481762684431656
RN7SL717P	RPL35AP26	0.911978017471126
RN7SL717P	RPL7AP58	0.911978017471126
RN7SL717P	RPL8P1	0.911978017471126
RN7SL717P	RPS27AP1	0.550763374212334
RN7SL717P	RPS3AP14	0.376555493333205
RN7SL717P	SLC25A5P6	0.838092675610412
RN7SL717P	SLC47A1P1	0.629522956750047
RN7SL717P	SLC5A12	0.314606903169761
RN7SL717P	ST13P11	0.911978017471126
RN7SL717P	TBC1D26	0.458189626558592
RN7SL717P	TBC1D3G	0.830760643003898
RN7SL717P	TMEM176B	0.595579597480256
RN7SL717P	TMEM215	0.911978017471126
RN7SL717P	TOP3BP1	0.911978017471126
RN7SL717P	TSGA13	0.783361009827149
RN7SL717P	TUBB7P	0.911978017471126
RN7SL717P	VDAC2P3	0.911978017471126
RN7SL717P	VIT	0.911978017471126
RPL21P130	RPL21P57	0.481762684431656
RPL21P130	RPL35AP26	0.911978017471126
RPL21P130	RPL7AP58	0.911978017471126
RPL21P130	RPL8P1	0.911978017471126
RPL21P130	RPS27AP1	0.550763374212334
RPL21P130	RPS3AP14	0.376555493333205
RPL21P130	SLC25A5P6	0.838092675610412
RPL21P130	SLC47A1P1	0.629522956750047
RPL21P130	SLC5A12	0.314606903169761
RPL21P130	ST13P11	0.911978017471126
RPL21P130	TBC1D26	0.458189626558592
RPL21P130	TBC1D3G	0.830760643003898
RPL21P130	TMEM176B	0.595579597480256
RPL21P130	TMEM215	0.911978017471126
RPL21P130	TOP3BP1	0.911978017471126
RPL21P130	TSGA13	0.783361009827149
RPL21P130	TUBB7P	0.911978017471126
RPL21P130	VDAC2P3	0.911978017471126
RPL21P130	VIT	0.911978017471126
RPL21P57	RPL35AP26	0.481762684431656
RPL21P57	RPL7AP58	0.481762684431656
RPL21P57	RPL8P1	0.481762684431656
RPL21P57	ST13P11	0.481762684431656
RPL21P57	TMEM215	0.481762684431656
RPL21P57	TOP3BP1	0.481762684431656
RPL21P57	TUBB7P	0.481762684431656
RPL21P57	VDAC2P3	0.481762684431656
RPL21P57	VIT	0.481762684431656
RPL35AP26	RPL7AP58	0.911978017471126
RPL35AP26	RPL8P1	0.911978017471126
RPL35AP26	RPS27AP1	0.550763374212334
RPL35AP26	RPS3AP14	0.376555493333205
RPL35AP26	SLC25A5P6	0.838092675610412
RPL35AP26	SLC47A1P1	0.629522956750047
RPL35AP26	SLC5A12	0.314606903169761
RPL35AP26	ST13P11	0.911978017471126
RPL35AP26	TBC1D26	0.458189626558592
RPL35AP26	TBC1D3G	0.830760643003898
RPL35AP26	TMEM176B	0.595579597480256
RPL35AP26	TMEM215	0.911978017471126
RPL35AP26	TOP3BP1	0.911978017471126
RPL35AP26	TSGA13	0.783361009827149
RPL35AP26	TUBB7P	0.911978017471126
RPL35AP26	VDAC2P3	0.911978017471126
RPL35AP26	VIT	0.911978017471126
RPL7AP58	RPL8P1	0.911978017471126
RPL7AP58	RPS27AP1	0.550763374212334
RPL7AP58	RPS3AP14	0.376555493333205
RPL7AP58	SLC25A5P6	0.838092675610412
RPL7AP58	SLC47A1P1	0.629522956750047
RPL7AP58	SLC5A12	0.314606903169761
RPL7AP58	ST13P11	0.911978017471126
RPL7AP58	TBC1D26	0.458189626558592
RPL7AP58	TBC1D3G	0.830760643003898
RPL7AP58	TMEM176B	0.595579597480256
RPL7AP58	TMEM215	0.911978017471126
RPL7AP58	TOP3BP1	0.911978017471126
RPL7AP58	TSGA13	0.783361009827149
RPL7AP58	TUBB7P	0.911978017471126
RPL7AP58	VDAC2P3	0.911978017471126
RPL7AP58	VIT	0.911978017471126
RPL8P1	RPS27AP1	0.550763374212334
RPL8P1	RPS3AP14	0.376555493333205
RPL8P1	SLC25A5P6	0.838092675610412
RPL8P1	SLC47A1P1	0.629522956750047
RPL8P1	SLC5A12	0.314606903169761
RPL8P1	ST13P11	0.911978017471126
RPL8P1	TBC1D26	0.458189626558592
RPL8P1	TBC1D3G	0.830760643003898
RPL8P1	TMEM176B	0.595579597480256
RPL8P1	TMEM215	0.911978017471126
RPL8P1	TOP3BP1	0.911978017471126
RPL8P1	TSGA13	0.783361009827149
RPL8P1	TUBB7P	0.911978017471126
RPL8P1	VDAC2P3	0.911978017471126
RPL8P1	VIT	0.911978017471126
RPS27AP1	ST13P11	0.550763374212334
RPS27AP1	TMEM215	0.550763374212334
RPS27AP1	TOP3BP1	0.550763374212334
RPS27AP1	TUBB7P	0.550763374212334
RPS27AP1	VDAC2P3	0.550763374212334
RPS27AP1	VIT	0.550763374212334
RPS3AP14	ST13P11	0.376555493333205
RPS3AP14	TMEM215	0.376555493333205
RPS3AP14	TOP3BP1	0.376555493333205
RPS3AP14	TUBB7P	0.376555493333205
RPS3AP14	VDAC2P3	0.376555493333205
RPS3AP14	VIT	0.376555493333205
SLC25A5P6	ST13P11	0.838092675610412
SLC25A5P6	TBC1D3G	0.316291153442975
SLC25A5P6	TMEM176B	0.239858446443538
SLC25A5P6	TMEM215	0.838092675610412
SLC25A5P6	TOP3BP1	0.838092675610412
SLC25A5P6	TSGA13	0.279368371826383
SLC25A5P6	TUBB7P	0.838092675610412
SLC25A5P6	VDAC2P3	0.838092675610412
SLC25A5P6	VIT	0.838092675610412
SLC47A1P1	ST13P11	0.629522956750047
SLC47A1P1	TMEM215	0.629522956750047
SLC47A1P1	TOP3BP1	0.629522956750047
SLC47A1P1	TUBB7P	0.629522956750047
SLC47A1P1	VDAC2P3	0.629522956750047
SLC47A1P1	VIT	0.629522956750047
SLC5A12	ST13P11	0.314606903169761
SLC5A12	TMEM215	0.314606903169761
SLC5A12	TOP3BP1	0.314606903169761
SLC5A12	TUBB7P	0.314606903169761
SLC5A12	VDAC2P3	0.314606903169761
SLC5A12	VIT	0.314606903169761
ST13P11	TBC1D26	0.458189626558592
ST13P11	TBC1D3G	0.830760643003898
ST13P11	TMEM176B	0.595579597480256
ST13P11	TMEM215	0.911978017471126
ST13P11	TOP3BP1	0.911978017471126
ST13P11	TSGA13	0.783361009827149
ST13P11	TUBB7P	0.911978017471126
ST13P11	VDAC2P3	0.911978017471126
ST13P11	VIT	0.911978017471126
TBC1D26	TMEM215	0.458189626558592
TBC1D26	TOP3BP1	0.458189626558592
TBC1D26	TUBB7P	0.458189626558592
TBC1D26	VDAC2P3	0.458189626558592
TBC1D26	VIT	0.458189626558592
TBC1D3G	TMEM176B	0.225715733355338
TBC1D3G	TMEM215	0.830760643003898
TBC1D3G	TOP3BP1	0.830760643003898
TBC1D3G	TSGA13	0.260523700305424
TBC1D3G	TUBB7P	0.830760643003898
TBC1D3G	VDAC2P3	0.830760643003898
TBC1D3G	VIT	0.830760643003898
TMEM176B	TMEM215	0.595579597480256
TMEM176B	TOP3BP1	0.595579597480256
TMEM176B	TUBB7P	0.595579597480256
TMEM176B	VDAC2P3	0.595579597480256
TMEM176B	VIT	0.595579597480256
TMEM215	TOP3BP1	0.911978017471126
TMEM215	TSGA13	0.783361009827149
TMEM215	TUBB7P	0.911978017471126
TMEM215	VDAC2P3	0.911978017471126
TMEM215	VIT	0.911978017471126
TOP3BP1	TSGA13	0.783361009827149
TOP3BP1	TUBB7P	0.911978017471126
TOP3BP1	VDAC2P3	0.911978017471126
TOP3BP1	VIT	0.911978017471126
TSGA13	TUBB7P	0.783361009827149
TSGA13	VDAC2P3	0.783361009827149
TSGA13	VIT	0.783361009827149
TUBB7P	VDAC2P3	0.911978017471126
TUBB7P	VIT	0.911978017471126
VDAC2P3	VIT	0.911978017471126
